point_id,robust_z,score,x,y,rating,parent_asin
43012,31.39136385170557,1.555868449499768,5.5539465,-17.25299,4.0,B082CYZSJZ
43014,31.32991980084218,1.5530197197523163,5.545199,-17.242456,4.0,B082D4L627
43007,31.249466135619343,1.5492896474964784,5.551485,-17.242683,4.0,B082CZ96W9
43006,30.815327525702585,1.5291616846553415,5.560191,-17.223896,4.0,B082CZ3R55
43015,30.758975871581498,1.5265490536331818,5.552323,-17.21423,4.0,B082CJ19WL
43009,30.59923438436706,1.5191429610963842,5.5439487,-17.197805,4.0,B082D62XGG
43010,30.536489674182036,1.5162339288973725,5.547324,-17.196821,4.0,B082DBBRCY
43011,30.319154416435843,1.5061576171110906,5.54701,-17.183462,4.0,B082D95KNW
43008,30.153456816263425,1.4984753813850964,5.5457635,-17.172382,4.0,B082CZJT9S
43013,30.090086293842138,1.4955373346613468,5.543851,-17.16691,4.0,B082D3SJSV
20560,18.30337686197752,0.9490702754211251,5.9953647,3.0855863,4.0,B06Y1HKTKM
10628,17.85882684851017,0.9284596088098016,-11.719441,5.303208,5.0,B002EF5HDO
48199,17.474583437337206,0.910644936432415,-16.340998,13.682634,4.0,B01LZJGEI2
34609,15.989793255788213,0.841805628159803,0.53354645,-10.185636,3.0,B01NBTFNVA
7417,15.823586851541124,0.8340998027569764,0.35080114,-10.07239,5.0,B07KGVB6D6
48865,15.13895597868431,0.8023582703201372,0.49936843,-9.384006,5.0,B07FLH7VLQ
26187,14.86845930017214,0.7898172362600985,-0.7747997,-4.7331862,5.0,B08KHN8TPP
3992,14.007825079210287,0.7499156628371485,3.4380178,3.4213078,5.0,B0BG7KP5L4
67,13.626724557373908,0.7322467041980372,-5.788857,9.465295,5.0,B0733GXPYZ
17031,13.498513300549838,0.7263024473311689,-5.518996,0.50917137,5.0,B0BQ3VKQG9
34295,13.401094496317134,0.7217858205515332,5.1299734,3.1259747,1.0,B00EY50MKK
25751,13.36590071881568,0.7201541318935621,0.28061032,-10.6568985,3.0,B07H9YX94V
39624,13.226059550421553,0.7136706775847231,-5.7954335,9.447268,5.0,B01MQGLIKL
47264,13.095688675116735,0.707626294353743,7.759867,-7.4377666,4.0,B084FSZ62Q
12617,13.053927080317345,0.7056901020660543,-5.8390703,9.442008,5.0,B001AH8BGW
48143,12.938113797990162,0.7003206523328491,0.80148154,-10.570428,5.0,B08XVF418R
25617,12.914150850879832,0.6992096585212336,-6.7534466,2.019172,1.0,B01AQAUH92
14854,12.888679827934915,0.6980287458089104,0.7134377,-9.989524,4.0,B07JGJC65P
10395,12.88202698227476,0.6977203000103184,-5.8302746,9.433693,5.0,B07RYL23GD
34494,12.817903830338265,0.6947473591339429,-5.472093,0.50849867,5.0,B00CTUXKWY
41522,12.787862856707395,0.6933545698561828,-4.757358,1.3509438,5.0,B01KH0XS7Y
29276,12.771206598046717,0.6925823359480797,0.4044585,-8.884591,5.0,B08F9ZCTCL
12618,12.65182285508911,0.6870473489941497,-5.803802,9.421284,5.0,B07R1LJ492
17716,12.6106278365506,0.6851374248744266,4.178445,-7.9927526,5.0,B09DK9SL1S
42195,12.599358806115456,0.6846149589599166,-5.818654,9.419941,5.0,B077T6JB31
29636,12.57944314292352,0.6836916093210519,-4.4741383,1.4203688,5.0,B006Z1KBES
4171,12.564215205047605,0.6829855966312975,-5.8324094,9.419038,5.0,B07H65KP63
27970,12.516717239509195,0.6807834490601105,3.4249449,3.9009607,5.0,B06WD61CF5
43167,12.459553935453467,0.6781331875223705,6.1578994,-8.127297,3.0,B07H8G4DQX
12614,12.443523892680243,0.6773899868534801,-5.8402147,9.41373,5.0,B007Z85CFS
16048,12.414481938293806,0.6760435150922233,-11.1532755,5.030482,5.0,B0B2DD1SC2
29629,12.364122577571603,0.6737087046925809,-4.5104985,1.3899481,5.0,B006ZAUJLO
20020,12.254694814557316,0.6686353067099352,-5.846615,9.405146,5.0,B084LS3RQJ
19266,12.22935801753322,0.6674606171122691,6.5883803,-16.059996,5.0,B09HBHMLB8
39376,12.196497009768992,0.6659370826279082,2.6010523,5.0787253,3.0,B07WD5462C
27625,12.13112461231504,0.6629062229975209,6.0929837,-8.21962,5.0,B08CBNS7SQ
2301,12.057261019493586,0.6594816861844782,0.24719025,-10.434558,4.0,B0BPLD4VK9
47380,11.991901292299431,0.6564514139851845,0.87891334,-10.25608,5.0,B00NTUEDMY
47251,11.721757644218366,0.6439267474705259,2.1220028,4.598936,4.0,B0C211KFK4
33031,11.718649211329371,0.6437826312360914,0.2257488,-10.969152,2.0,B07PGL2N7J
47601,11.58409550411327,0.637544319422493,8.138723,-2.16671,5.0,B08F7PDMKB
43867,11.48898170321917,0.6331345594832819,10.517214,-4.2056613,5.0,B0B4QS4F25
47156,11.47562758808745,0.6325154228135462,-12.331918,8.571688,5.0,B076D56BK8
31733,11.471219351335131,0.6323110437891544,2.2015235,4.441117,5.0,B0B74MJLHT
915,11.435104246358764,0.6306366396372005,5.4522905,7.030049,4.0,B00WU37B2K
29880,11.431617283392303,0.6304749736176065,0.84611696,-9.034563,5.0,B08Z31SKBB
27394,11.415372108552182,0.629721798783439,-4.5444865,2.4186487,3.0,B00E1CRC86
19265,11.41132339260929,0.6295340882177548,6.5569024,-16.037281,5.0,B0BM4K68G6
19468,11.355668452973191,0.6269537589603872,6.5539436,-16.036451,5.0,B07V295874
19461,11.21841759921977,0.6205903993762376,6.534736,-16.040483,5.0,B07M7TJBMJ
36121,11.164227654046764,0.6180779916385001,-0.5473814,-9.680486,5.0,B01NBTFNVA
35947,11.122353322412431,0.616136572534369,2.2059672,5.2716713,5.0,B06XNPVWCV
17402,10.978891195592059,0.609485239776141,2.971367,4.8500686,5.0,B09GNFR2VY
23335,10.913118541118573,0.6064358230346558,2.2008703,4.7476306,5.0,B07QJY6MKD
41495,10.885671253879071,0.6051632848060181,3.82877,-7.5713177,1.0,B09SM6VT7J
19267,10.859919546703262,0.6039693587342736,6.5434337,-16.015038,5.0,B09DXW4BDX
16835,10.846473274885588,0.6033459494052811,-5.080354,8.070321,5.0,B0974VMBTS
19459,10.771187251621912,0.5998554644677658,6.5126624,-16.027596,5.0,B082CZJT9S
15350,10.770464337782089,0.5998219480226192,4.2090697,-7.0940943,5.0,B000LRNJ32
14229,10.761971802414253,0.5994282087135455,-1.1287669,-3.7290611,2.0,B001M5PZXO
25666,10.742376014159714,0.5985196894323285,-0.4546376,-5.188603,5.0,B077Z7NVBK
13712,10.68687490826526,0.5959464923667651,4.1837063,-8.276058,5.0,B00XITMC9W
2448,10.653515750672668,0.5943998621682576,-5.3270736,0.51939446,5.0,B07KB1FNK3
28673,10.590195076450728,0.5914641265559394,-5.694778,2.1299105,5.0,B09WMH9Z59
33919,10.535242655831134,0.5889163681787847,5.991615,4.727398,1.0,B01LXM2HL0
19264,10.514060696598738,0.5879343092727273,6.540048,-15.996407,5.0,B09DSXD2SL
28676,10.471218778211943,0.5859480299563178,-5.6570086,2.1249242,5.0,B01BSLHCIW
46231,10.455892690851412,0.5852374667632585,-0.33764228,-5.1572313,5.0,B000ID7QNI
13280,10.454555701568934,0.5851754799461867,5.8549247,-11.9486885,1.0,B07G3YK4JX
13066,10.438093668415357,0.584412250912795,4.3821044,-8.546151,5.0,B08BLB8M9Y
13286,10.307194713019955,0.5783433843113023,2.5189939,5.478013,2.0,B009LGLEFY
20320,10.270317930302902,0.57663366650396,-1.0210326,-6.778328,5.0,B082L6KJ2J
28674,10.05773986591382,0.5667779124126926,-5.7753143,2.130215,5.0,B0C39Y2MT6
32850,10.010391502915162,0.5645827008621502,4.9243526,3.1592474,3.0,B00352LQYO
19464,9.98652680096763,0.5634762619897661,6.5173006,-15.984079,5.0,B07PRJCHHZ
19467,9.936571642780235,0.561160191627096,6.5148606,-15.98316,5.0,B07N31CHLN
10170,9.916456325723534,0.5602275854386425,-0.25843695,-5.11836,4.0,B0874Y42B7
28669,9.882327614974354,0.5586452764569394,-5.6994724,2.166076,5.0,B0B4DCFYF9
49506,9.727183642150644,0.5514523384212721,-13.153817,1.5817605,5.0,B01KK21HEU
33908,9.713882359554457,0.5508356512257083,3.041264,4.8575325,5.0,B01E9AHU8Q
36316,9.67230879070681,0.548908176382825,-0.91629463,-9.644718,5.0,B075X8471B
15347,9.605311642931943,0.5458019884740065,4.640973,-7.105007,5.0,B01DN7OH4G
37697,9.599514516429773,0.5455332163718353,-12.41588,8.59441,5.0,B0196B3HXK
25364,9.552187684192214,0.5433390030516955,4.676359,-7.119336,5.0,B07V48GCZ7
27562,9.494597868156356,0.540668967144454,1.9653538,-7.6976285,5.0,B0B8MQ9DC8
2033,9.462380950364226,0.5391752945952645,3.8249233,-7.8735847,3.0,B07V4D6F5F
28668,9.428616403509508,0.5376098693395612,-5.685487,2.1835263,5.0,B09W4C3ZLF
10670,9.418119555805715,0.5371232041231883,-7.073848,2.3908002,1.0,B06XJSQ5W5
46471,9.383548723337388,0.5355203970578524,-10.562445,8.335956,5.0,B016CJ5Q5G
28292,9.364484811436306,0.5346365371532351,0.7929383,-11.893468,5.0,B07NSP78DF
44632,9.361688933450148,0.5345069118977792,4.5851383,-7.8355985,4.0,B001VL9SQE
26249,9.348547907524345,0.533897654680183,-11.106056,8.25739,5.0,B00Q9LCPOI
34037,9.348547907524345,0.533897654680183,-10.575499,8.317022,5.0,B071JVHQZP
16247,9.338911983329975,0.5334509044495102,-10.579589,8.343427,5.0,B07PCHFJ7T
30117,9.337056106970026,0.5333648604774757,-0.92898273,-3.816047,1.0,B001HN5HOS
6462,9.310257578327782,0.5321224006354182,-10.728853,4.578129,5.0,B07VFBX16H
3267,9.30637954335273,0.5319426033492716,10.664414,-4.509808,5.0,B06WP2Y7B4
16049,9.2650971306548,0.5300286273752486,-10.186486,4.1141863,5.0,B099S61RS4
5783,9.254230984297749,0.529524840370119,5.840668,-12.167246,1.0,B00JB31RYK
20428,9.242678779592946,0.5289892456505523,5.831285,6.603821,4.0,B07BF9GNFD
46470,9.222858107917885,0.5280703001021743,-10.584545,8.340363,5.0,B01MXUGQK8
28675,9.221446503784025,0.5280048539176984,-5.7449765,2.2180703,5.0,B0BNHHWGM2
35465,9.210896291904247,0.5275157145787139,-5.8617053,8.736681,5.0,B07CKVBWNY
40144,9.210188802018724,0.5274829132341641,-10.582051,8.317863,5.0,B07G7SP5WB
26273,9.185941226731892,0.5263587232100273,9.49833,-1.7012776,5.0,B084P23FFC
46472,9.16678508218727,0.5254705871245325,-10.588334,8.347297,5.0,B0B7HTGNQK
35433,9.12490170759528,0.5235287487618708,4.145272,-6.8641176,3.0,B00K3EPUXK
43193,9.108142973885474,0.5227517638043704,-0.8412243,-3.8714623,4.0,B07DLTYC6S
28670,9.104637150014193,0.5225892233368864,-5.715896,2.2109406,5.0,B0BHK9616S
39858,9.063797751416374,0.5206957868199433,-1.0353488,-5.47027,5.0,B01KBEOL5E
47341,9.04952950346017,0.5200342682217112,-5.961352,8.853222,5.0,B004ZGN6MY
20602,9.047056021953223,0.5199195902301139,3.623732,3.7983344,4.0,B091VTJKKX
28671,9.044176614216656,0.5197860922859039,-5.718762,2.2151878,5.0,B08M3G8VRX
32239,9.043168396852156,0.5197393483170771,-0.85570645,-6.7103405,2.0,B07DC4J1QV
32401,9.003629081516467,0.5179061875438546,3.8500328,-6.9889007,5.0,B001IQ0V9K
8249,8.995732916434255,0.5175400977427362,1.8272827,-7.763507,4.0,B01K8B8YA8
26477,8.989932578937092,0.517271176769245,4.862155,2.9512887,5.0,B007UNIU48
44164,8.98686903732727,0.5171291418286149,3.6748655,4.893288,5.0,B00N99FXIS
38110,8.951484899366472,0.5154886274910921,3.5304232,4.6948924,5.0,B08HHGM3MB
8386,8.946565488924385,0.5152605489274334,-10.536201,8.33906,5.0,B015IYIFTU
47568,8.924551165789312,0.5142398991443595,-10.59728,8.332154,5.0,B01N3574UB
6459,8.921298923419632,0.514089115472804,-10.742017,4.5469165,5.0,B0BKLGCC9S
29644,8.914795862027432,0.513787614120319,3.6069658,4.301826,3.0,B000UDISEW
37078,8.91006657011658,0.513568350019702,-10.465301,4.1136546,5.0,B08RLW7918
13860,8.909193825966153,0.5135278869937735,1.0368733,-9.586176,5.0,B086SXSQLY
33607,8.86668436954538,0.5115570216072596,-1.4398204,-5.406198,4.0,B00IM3AUC0
45762,8.865838399236004,0.5115177998965826,6.031076,2.5435312,4.0,B014J45ZGQ
17577,8.863209943547954,0.5113959368390011,3.081916,4.9006147,5.0,B0BXNJL7DG
37188,8.840792934742524,0.5103566173453222,-10.707991,4.562615,5.0,B071HB932Z
45937,8.820577682066242,0.5094193778430112,5.7958674,-12.118908,4.0,B07476VG8P
28672,8.777043102617478,0.5074009846906093,-5.7044497,2.2226684,5.0,B0B6VGC152
36144,8.742885153006366,0.5058173201079229,5.4758506,-8.497927,5.0,B0BHZ1GDVT
6453,8.693989140781262,0.5035503549160102,-10.606648,4.6165075,5.0,B07ZHY844C
43692,8.686813846843009,0.503217686854556,-3.7942243,1.6366017,2.0,B07315JD78
48927,8.674685077239435,0.5026553608639324,-10.616231,8.3702345,5.0,B06XL1GKRV
20150,8.656612621370694,0.5018174678227125,-10.698032,4.578878,4.0,B075Z3N5FV
19454,8.655926847191393,0.5017856732831736,0.62069297,-11.985584,5.0,B07LGVQ8TC
34099,8.64816475694638,0.5014257995920243,0.9963809,-9.450387,4.0,B00L3RBQ4S
30436,8.604358003807755,0.4993947876543066,3.6489127,-7.1815505,4.0,B0C5MBN688
44923,8.586265758010734,0.498555977092894,1.8110337,4.9115243,5.0,B09PY2KCZF
1352,8.56614658383972,0.49762319207709876,10.097672,-4.3853755,5.0,B005DEP2AG
19213,8.565510463449634,0.4975936996355567,5.8790164,8.532725,5.0,B0B8VH98G3
2447,8.52800901720865,0.49585502056121183,1.8106029,-7.857413,2.0,B0C6D2TBZ7
49834,8.49737968343579,0.4944349531496837,4.133897,4.696499,5.0,B06XTTZ3CN
12015,8.492996889068861,0.4942317537102816,8.1688385,-2.340184,5.0,B0C6GVP1DY
9126,8.468590547554061,0.49310020280954003,8.697124,-2.120758,2.0,B01DDREF2A
9071,8.461280450026923,0.49276128485101167,3.7097688,4.9506273,5.0,B00S0BWR2K
19463,8.455629502249941,0.4924992900312142,6.139662,-15.565875,5.0,B07J63YSN1
6455,8.430376334429829,0.49132847773326704,-10.663135,4.591974,5.0,B003TZM6AK
6457,8.396664018197434,0.4897654740452412,-10.686123,4.5808344,5.0,B0BHWQ3H17
6231,8.386373179020858,0.48928835999959125,5.461848,-9.48853,1.0,B07S764D9V
14364,8.358765041746286,0.4880083642828267,-3.6094182,2.2696621,5.0,B01FZW95X0
23987,8.35551947813773,0.48785789025858795,3.786814,4.903529,5.0,B074FXQD32
3967,8.349732102471089,0.4875895702342801,0.7933223,-11.514428,5.0,B01DFKC6CQ
8951,8.345612991055848,0.48739859592420814,-10.531589,4.1185827,5.0,B09T52XXVR
47654,8.335237241579513,0.48691754518341207,10.309123,-4.04315,1.0,B0B4GK7GNQ
6456,8.32294990081938,0.4863478673602768,-10.668878,4.585151,5.0,B0BGNG1294
38658,8.315004089464178,0.4859794758096362,1.7983828,9.659816,5.0,B07FX44VFG
11798,8.30653299279099,0.48558673046248935,3.9419029,-6.777135,5.0,B07NQH172B
36200,8.283121720383969,0.4845013139381157,10.435456,-3.9659584,5.0,B000KOZMUE
11668,8.279777755217633,0.4843462777237072,-0.6401951,-4.039399,5.0,B00FE9R4DI
13131,8.278750564483639,0.4842986540927923,1.9146993,-8.273611,5.0,B07Y4822BG
22220,8.248616852253326,0.48290156517652766,-6.915498,2.5205548,2.0,B011I4XMXS
11301,8.244139947780534,0.4826940025114862,-10.103822,4.0249906,5.0,B008MUD9IK
33603,8.234932243859516,0.4822671058518918,3.580781,4.968624,5.0,B01FX0P13C
29803,8.20579143540063,0.48091605092053336,-10.634039,8.349478,5.0,B00SFSU53G
3443,8.203474280997199,0.480808620720445,-0.36944893,-8.946741,2.0,B075X8471B
11536,8.124135478310983,0.4771302368221904,-8.494725,2.464712,1.0,B07BN6F3JN
48294,8.121148077013451,0.476991731973889,2.0510643,-7.2655997,4.0,B071NM2P9W
31504,8.112841296215898,0.47660660480159106,-3.885633,2.4025185,5.0,B0BMZBP1JY
9776,8.112680227320718,0.4765991371664557,5.0843124,-8.797377,4.0,B073WRJ44V
6469,8.110701919939391,0.47650741692653653,-10.661858,4.5769377,5.0,B0BSFNSN8H
42616,8.109251109179725,0.4764401530057678,2.9864454,5.76289,5.0,B003WK2T22
38759,8.087864060086066,0.4754485855210853,-11.263508,8.215974,5.0,B071Y2SG3R
16094,8.063793464891774,0.47433260082272444,-10.120773,4.1205935,4.0,B00EIB70N2
42065,8.054339410861639,0.47389428263615924,1.0989232,-9.107636,5.0,B008EWNVI4
40565,8.025410558542557,0.4725530546246104,2.266574,-7.7318897,5.0,B0C2VFCZ29
9437,8.017070690195903,0.4721663934146949,5.7802825,-12.163115,4.0,B09H64B2QN
30948,8.015191303434001,0.47207925943019413,-1.9419143,10.192035,5.0,B0CFDRSSD6
2025,8.012288077056816,0.4719446571826526,-0.3613217,-10.476155,5.0,B07H65KP63
4305,7.9758498143824275,0.4702552704744621,1.0879884,-10.053645,4.0,B07FLH7VLQ
22997,7.966129738535508,0.469804618721794,3.1833422,5.4018517,5.0,B09ZTL41TR
41838,7.95931200747403,0.4694885283434409,5.153211,1.8702595,5.0,B00CTETT0W
28885,7.938354048231945,0.46851685474608074,4.841819,2.0132632,5.0,B01DAYHO2Y
16780,7.9113750568515115,0.46726602811239154,3.6845362,4.0884857,5.0,B0B7FVMNP1
29766,7.904011713590696,0.466924641522591,-8.55223,2.50326,3.0,B00WMLUZJ6
47459,7.904011713590696,0.466924641522591,-8.840536,2.135975,1.0,B07C1K2DC1
25250,7.887349489989999,0.46615213106204967,1.1652685,-11.4064245,5.0,B08DLSLCF3
30298,7.884814303367863,0.466034592236983,-11.65117,2.5560434,4.0,B0078XGE3Y
9524,7.879209263661715,0.4657747258524887,-10.048963,3.9455473,5.0,B086WTZ5VZ
5104,7.864079479871035,0.4650732638793377,-5.5151873,2.6934502,5.0,B0949SYKMX
39192,7.858065170556188,0.464794422533189,9.222551,-1.9586526,5.0,B07H7JB9SX
34740,7.842908105362338,0.46409169571269027,-3.7538683,2.3979144,5.0,B07MMDKYRH
36054,7.816691681888361,0.46287622400513384,2.0609055,-8.285456,4.0,B00CO07C5U
38214,7.789207338895784,0.46160196776108836,-0.4118406,-10.410177,3.0,B08RLW7918
8227,7.760505423669478,0.46027126123108103,1.8702667,5.389874,5.0,B00WRDS0AU
39097,7.75110165071275,0.45983527422528164,-11.171001,7.1406803,1.0,B01LXG93OK
3014,7.738512425681745,0.4592516001455416,8.024845,-7.0864315,5.0,B00009W3FR
16050,7.723232774443574,0.45854318986983167,-8.935132,2.193225,1.0,B072JW9LT8
7062,7.686495689214649,0.4568399488553519,6.934678,-13.369612,1.0,B07CB24GSV
14046,7.668387682224257,0.4560004075579318,-8.958565,2.219851,1.0,B06XK4CRPG
18878,7.660181080365898,0.4556199249805155,5.4403715,-8.33599,5.0,B0B3XFCWGN
44526,7.654727389767913,0.45536707559279505,0.72065306,-11.84849,5.0,B07Z4GPQBC
19798,7.649134178678399,0.4551077576183031,3.071305,5.294068,5.0,B099ZFFMS6
49594,7.627396274493793,0.45409992344350836,1.7678813,-7.5068216,1.0,B0C88MQRS4
37519,7.619853686327518,0.45375022652443947,1.9030414,-7.299455,5.0,B0C2YWQP1J
26652,7.618726556101727,0.45369796940013946,1.0928462,-9.136982,5.0,B00CX5P8FC
19199,7.605034914299714,0.45306318398568873,5.8389373,8.584731,5.0,B09PTSR7TK
36132,7.602797956090073,0.45295947192071145,6.2712727,-7.720686,5.0,B08N12M75L
1735,7.58267893353716,0.45202669393438427,5.019469,3.7157602,2.0,B00CLZWK64
13865,7.569534092092159,0.4514172598179201,6.2112947,-7.762821,3.0,B082R17ZJG
14172,7.569352835117691,0.4514088562031218,3.1032734,5.304662,5.0,B0922L7T19
11098,7.551137903213546,0.4505643575472875,-12.502823,8.638406,5.0,B00QG5SRGW
46390,7.534992860002356,0.44981582511455664,9.913546,-4.660734,5.0,B0BZCYYPKH
28755,7.534916087438619,0.4498122657091621,1.8446249,5.238399,5.0,B07K7MXPJH
15559,7.5221612221780445,0.4492209120535686,-12.40749,1.7017092,4.0,B002TIUI3U
78,7.506125123023904,0.44847743059276696,3.7692027,-8.451093,5.0,B07J2GSF3S
22246,7.505351982417143,0.4484415854846646,-12.526032,8.624115,5.0,B010MPU264
18879,7.5044343174617545,0.4483990397960279,5.411719,-8.41553,5.0,B08D777F6Z
10767,7.472149187208627,0.4469022047133782,0.18990032,9.733386,5.0,B00FEAQ7WG
27003,7.471490847096006,0.4468716820991232,1.6347455,1.5010331,1.0,B078WP31LS
32167,7.4707050495136595,0.4468352501758231,6.7227263,-13.292897,5.0,B09992ZJC1
48723,7.457880291844361,0.44624065609937424,-10.207736,4.685792,5.0,B01J9WVUS0
19469,7.4424859282684,0.4455269274170088,6.2760596,-15.476374,5.0,B081K95WKL
24151,7.43140967875231,0.44501339940179313,1.6095661,1.5983236,2.0,B0B7ZL2T4M
31275,7.400959047254565,0.44360161716156965,4.990627,-8.82275,5.0,B00WTZGRRE
36728,7.400162011503638,0.4435646642032028,3.9542565,4.5640683,5.0,B01LZ6XKS6
18647,7.388057789891551,0.4430034763307956,6.9630113,-1.5599104,5.0,B09P9PYW6R
1502,7.387539676708423,0.4429794550558865,7.8604145,-7.122234,4.0,B095PNFDKR
28992,7.382604897980347,0.44275066397258017,-7.7391324,9.218291,5.0,B00GR4YHRK
25538,7.38184553840761,0.4427154577943827,5.1931853,-9.372731,5.0,B074S5K8BB
48981,7.361079360717697,0.44175267576268284,-3.438071,2.0376415,3.0,B00XI2C6S6
15557,7.34969480129568,0.4412248535792263,-11.700181,2.4597216,4.0,B0B7FN67QT
28052,7.341488283482082,0.4408443748983762,1.7768695,1.5522573,5.0,B07K43TQ1D
37793,7.335914037002141,0.4405859361798362,0.56181777,-8.397506,5.0,B086VRY8GZ
43751,7.3213571903688175,0.43991103728481323,5.4547906,-9.837819,5.0,B08ZYHL43F
32704,7.320238037720228,0.4398591500248234,-3.4773657,-3.3063712,5.0,B0C4J8WG1G
34771,7.319376587772614,0.43981921063187607,0.5757521,-2.6789434,5.0,B01A9V6OI6
22950,7.318222787836874,0.4397657170201535,-12.088315,8.5038805,5.0,B09CDCGXFD
21973,7.316179514064512,0.43967098474427435,1.083912,-9.273474,5.0,B01CDUTGN6
2822,7.28353643197806,0.43815755394533606,5.5908976,-10.895681,5.0,B00QUG4XL0
24544,7.272402011608313,0.43764132895557345,-10.069421,4.081223,4.0,B01M8I7AI4
44699,7.262714731038939,0.4371921976899405,4.986126,-8.371353,4.0,B01HRPQKN6
45108,7.261783229559343,0.43714901049870825,3.812165,4.2436943,5.0,B078WGJ32W
31759,7.255938147009189,0.4368780150108952,-3.2150805,-3.5452926,5.0,B0B6PBK89G
27190,7.2545001344298035,0.43681134445199576,1.8441976,-8.367633,3.0,B076V5CGJ4
20738,7.236427127261628,0.43597342585088733,4.4272394,-6.761548,5.0,B0B76BV9JN
23954,7.221586272259027,0.4352853594794574,-8.964578,2.1940944,1.0,B07DZ9N6X5
39506,7.2203045638227765,0.43522593564755496,5.414927,4.7099113,5.0,B07HDGMY6K
13594,7.213049239494409,0.43488955713814353,6.773291,-1.0174949,5.0,B00LNU0PFG
911,7.2021899893741805,0.43438608986315386,5.2587028,4.4821286,1.0,B014KF85IO
18086,7.1337949448586455,0.43121509128555546,1.0852512,-3.0540051,4.0,B0B8W72ZG6
9680,7.128208080807085,0.43095606757870336,7.3023577,-2.3220458,5.0,B0922N4R9Z
13645,7.1219807502986425,0.43066734993366956,5.021795,-8.964537,5.0,B003VGRDUK
42584,7.106608358755167,0.42995463994036626,4.7372174,2.5825436,2.0,B004G5ZSWA
46676,7.098671290403287,0.4295866537414772,6.2807612,2.5993402,5.0,B01FU9MWOW
45106,7.090075267013972,0.429188116418582,3.7394812,4.5047264,5.0,B07BTPDD5B
33102,7.090075267013972,0.429188116418582,3.769333,4.0765777,4.0,B00HRO3IBA
22003,7.027254987129597,0.4262755805825619,3.570961,-7.275289,3.0,B01E5PU8XO
37883,7.008326243431024,0.42539798747959573,0.6779595,-11.472665,4.0,B0B6TMBPMF
17718,7.004399847309831,0.4252159480262466,6.077714,6.3055315,4.0,B09QRB6785
13730,6.99223563493642,0.42465197880293654,-10.857348,1.8113004,5.0,B00VF91HAC
27300,6.974108383688151,0.4238115452842336,0.7381862,-11.641751,4.0,B004QORA4K
29743,6.967708383736601,0.4235148221680087,-0.5445701,2.748762,5.0,B07T8LZ66G
45115,6.961737748667948,0.42323800569037984,1.8577676,1.9676919,5.0,B095MW7M8C
19215,6.952318090494797,0.42280128219849383,5.8048687,8.520309,5.0,B09JNFHJQR
23787,6.924794283319413,0.42152519627704355,-1.3886719,-3.5150144,4.0,B012FRC3PA
29420,6.9223551217718216,0.42141210946128477,1.2501724,3.1891701,2.0,B015DJ4QYI
30462,6.922353138256141,0.4214120174995725,1.8729429,1.3476253,5.0,B002UUPWP6
20314,6.918952337927247,0.4212543462372464,-2.7487068,-3.6757717,2.0,B089ZC32BW
12190,6.900475317296274,0.4203976963651089,1.5248197,-7.937286,4.0,B003N18O88
32552,6.90004000914788,0.42037751417897024,9.870785,-4.652119,4.0,B01DR2RLDQ
17888,6.897520606555116,0.42026070714865615,0.72443056,-2.9150007,4.0,B08D7F2VZ4
12199,6.897063016066505,0.4202394918866619,4.849029,-6.6931167,5.0,B07C1RSV9C
40729,6.8969653751386755,0.42023496496156876,-0.2571201,-10.800893,5.0,B08HT5G2NM
42288,6.89426651631728,0.42010983780441286,2.0819376,5.5850616,4.0,B07HZLHPKP
30157,6.88496861814882,0.4196787594700732,-0.4491302,2.899125,3.0,B00MJ0LLVG
14406,6.875312375913676,0.41923106723433484,-3.2508938,8.774922,5.0,B06WWQ5PGT
20423,6.870633070413764,0.41901412065305144,1.6360983,1.7074779,5.0,B08FJ7TQXC
34285,6.869293547117161,0.418952016351515,6.553796,-13.189575,5.0,B01CVSS67M
2771,6.863656912376981,0.41869068512686036,3.7317574,-8.105976,5.0,B07V48GCZ7
7522,6.849917997012437,0.41805370796883223,-0.5123312,-8.76244,5.0,B01M3ULMWP
7913,6.843524278698186,0.41775727608807733,1.5658087,-7.5188913,2.0,B0791T9CV7
32212,6.842505952945563,0.4177100634641808,-3.0658407,-3.4616878,5.0,B09H5LCWN3
20462,6.837827424978657,0.41749315293165024,3.5755568,-6.0829916,5.0,B0C42BW3MJ
47825,6.831504481080813,0.41720000236426175,1.3680161,2.6271145,5.0,B08397PY82
2802,6.818835947923939,0.41661265132289227,5.1988435,4.09178,5.0,B004I1J80K
31994,6.812709331654284,0.4163286030908284,1.0731807,-12.475368,5.0,B0C9PJ9L36
15349,6.810672398753391,0.41623416479669256,4.591256,-8.502991,5.0,B000HHHGTY
31462,6.803413781791829,0.41589763363097026,0.11183349,-2.9254956,5.0,B0BM3WDL9C
3039,6.799112699343154,0.4156982226001932,5.4235983,-9.976321,3.0,B006C13X4Q
3069,6.7981722489557646,0.4156546205108629,0.59439874,-2.221557,5.0,B0791TX5P5
18447,6.788377585071,0.41520051063394653,-3.317331,-3.4528472,5.0,B09CGQ272N
31970,6.778120199038085,0.4147249475759699,8.64249,5.5797877,5.0,B0B1J89LBG
47859,6.771370797302764,0.41441202514929504,2.1489067,1.5179853,3.0,B009NW0934
36247,6.760022531972863,0.41388588566836887,4.472152,5.1357417,1.0,B00KX1J4TY
33957,6.75612327331397,0.41370510438883873,1.168882,-3.1287127,3.0,B08RLW7918
34402,6.730977064722565,0.4125392510402496,2.2275229,1.458983,5.0,B07CQW3T3S
18492,6.703950936390043,0.4112862389966511,1.0048901,-11.971122,5.0,B09LD5D58W
30140,6.69812234510341,0.4110160080930786,5.3466544,4.6024218,1.0,B0002CPBWS
49670,6.685945655382165,0.41045146038264974,10.537515,-4.6181135,5.0,B000Z80ICM
1533,6.685353901423047,0.41042402490138147,4.954784,3.761806,5.0,B08J3CPG5G
31182,6.684316237382376,0.41037591569668247,5.4407525,-8.219779,5.0,B07XPB3C7R
41064,6.676993387481388,0.4100364065000078,1.3760974,-8.395109,2.0,B00X3TUHWG
21922,6.670552273869752,0.409737777231684,-4.7076206,9.341064,4.0,B019YOFUF2
19218,6.659550546598639,0.40922770429036287,5.788515,8.549696,5.0,B09V49FS42
19900,6.657772980485575,0.40914529101530706,5.363074,-10.043251,5.0,B01LXJFMGF
12326,6.650071824062412,0.4087882423981639,4.8923893,-7.1851697,3.0,B01N75TWSA
24692,6.625324593652079,0.4076408868699013,3.1259208,5.2272744,5.0,B09KX8DR7B
24313,6.621709794515644,0.4074732939835872,0.81570625,-2.988133,5.0,B095JRZ8C3
42851,6.621006570887357,0.40744069043546727,2.0023565,-7.117941,5.0,B09BZ3NB21
8809,6.6209708863899905,0.4074390359955704,4.070324,-9.059196,5.0,B01N75TWSA
2095,6.615667592065468,0.4071931594283606,3.5228307,-7.085358,5.0,B077HQ5W4T
24941,6.610739409610232,0.4069646741679679,5.1425247,-9.332692,5.0,B00R124LAK
49552,6.589889509641994,0.4059980105213446,4.1177535,4.3572664,5.0,B07J1SY5QQ
36075,6.5820692982037485,0.4056354421580538,4.5917354,-8.646755,3.0,B0016LTZFI
42454,6.5820692982037485,0.4056354421580538,4.989158,-8.565543,5.0,B0C2HWSXNL
37184,6.560638107711055,0.4046418281462502,4.324979,4.7048187,5.0,B08FBZNL97
22608,6.559950761154251,0.40460996070659305,-0.41441873,2.4836519,5.0,B077XGL4PG
34689,6.555857283402498,0.4044201748497348,1.433854,-8.331343,5.0,B07JM62C2J
22568,6.550235511921939,0.4041595327301967,10.334782,-5.817879,5.0,B0BZ5KPQZK
42527,6.549878977903665,0.40414300274804926,-0.7978721,-9.384402,5.0,B075X8471B
24259,6.538735930137562,0.4036263777664192,-3.402533,1.7411966,2.0,B08JF2XLJ9
43075,6.537340298155904,0.40356167209863236,-0.16755728,10.107643,4.0,B07T46WYSL
24685,6.535197332667238,0.4034623178169803,1.4211936,-7.98756,5.0,B0CBPXRPNC
10306,6.53464239753406,0.40343658936647,6.248329,2.5424387,5.0,B06Y1HKTKM
1424,6.530111427261136,0.4032265200494259,2.2261581,1.5034344,5.0,B08YFJYD5Z
45791,6.526981720436078,0.4030814174917647,5.9527426,2.2399294,4.0,B01B5WXJ0Y
30716,6.515792855191916,0.402562668274983,-0.80913496,-9.37464,5.0,B0791TX5P5
20781,6.512146654923657,0.40239361953839414,6.7320256,-13.361934,4.0,B01FBRZK9M
17249,6.511603664436993,0.402368444877378,1.3693666,-7.6982813,5.0,B09472VM57
24093,6.4977137468588655,0.4017244668056451,1.9588844,1.9121764,5.0,B01BXYZ6G4
40576,6.493276514052931,0.40151874343758887,2.7998016,5.8196096,5.0,B07PXGQC1Q
29301,6.478569409923554,0.4008368781561904,-9.849354,9.132772,5.0,B00FQMWTGK
2100,6.476156918869203,0.40072502786417,4.763899,-7.476955,5.0,B01GC6LR84
17736,6.4699838528742735,0.4004388260840849,3.6280456,-6.9451065,5.0,B0BY18TZZC
26292,6.468641332725263,0.40037658283951855,-8.783004,2.5321965,3.0,B0C338S8M7
37113,6.4610062678442395,0.40002259842370175,1.1133133,-3.327419,3.0,B07XQDQLVD
22888,6.452047114843764,0.39960722532727017,4.535242,-8.915251,5.0,B07R8ND75N
32370,6.4269296098691004,0.3984427027640983,4.0730214,-9.110886,3.0,B09438PNMF
6281,6.426282436864848,0.3984126978903464,0.40809724,-2.8790915,1.0,B00F2ENYPC
6494,6.426113929356741,0.3984048853788947,3.9828374,-6.443264,5.0,B0029U2XH2
248,6.42271166738558,0.3982471463504667,-7.593676,9.084206,5.0,B075X8471B
7630,6.39512980700759,0.3969683689091236,1.0821633,-2.8837554,1.0,B07324B77V
43548,6.386814911895306,0.39658286553295513,-0.2511884,2.9785295,5.0,B0989LC3Q5
32522,6.38533861446445,0.3965144199739747,0.6118278,-2.9727724,5.0,B07H3MKSYC
26920,6.383849688896802,0.39644538893684905,10.281141,-5.6981874,1.0,B078CQSHDV
27343,6.379194405193418,0.39622955607781213,3.5442207,5.0581813,4.0,B0C2XZ2L79
38729,6.377716479676924,0.396161035035918,1.3655363,3.3081644,5.0,B0B2KFXVGS
28959,6.377716479676924,0.396161035035918,1.30128,2.9172492,5.0,B0BY6CLBWM
41795,6.37125370106889,0.39586140131364217,8.788153,-2.179696,5.0,B005SEZR0G
39067,6.3625512400023325,0.3954579292220728,-10.783333,1.9088161,5.0,B07WMB4XS4
22393,6.359036341247937,0.39529496801589864,-0.5559345,-9.394498,3.0,B0791T9CV7
26395,6.351574471848002,0.39494901345996514,-4.625985,11.179141,4.0,B00O63TMGU
45614,6.342978343249158,0.394550471259242,3.0663657,5.928224,3.0,B00VOUNRT6
19217,6.342657240070959,0.39453558395668153,5.7846336,8.608738,5.0,B0B76Q2CTC
6274,6.32870598812333,0.39388876224035674,4.761198,3.3591123,4.0,B075FLJ87G
41087,6.327701399997379,0.39384218653387065,7.324603,6.3069243,5.0,B00DR8L7M2
23241,6.326004447186754,0.39376351073232885,-10.0188265,4.102744,5.0,B0935ZDCYD
25351,6.318745947851307,0.39342698502010454,1.3401616,-10.771346,5.0,B0BL7NG72P
46394,6.309150865281486,0.3929821283291505,0.05352634,-2.9326878,5.0,B09729FMQQ
18098,6.294161667739014,0.3922871843544342,1.2734886,3.0271263,5.0,B08XX26W9B
15736,6.284102032563431,0.391820789616937,1.8988148,-9.460993,5.0,B003IPC5FM
4655,6.28013898344656,0.3916370508212163,1.501231,1.665008,3.0,B075QCZRXY
35451,6.27511437226578,0.39140409483704963,4.3872614,5.2044215,5.0,B0BTPB7HCH
49909,6.274112569983856,0.39135764829061465,-8.337861,2.5465841,1.0,B008I640QS
19110,6.269675153605201,0.3911519164115787,4.126129,4.4047027,4.0,B083Z8PGCB
19186,6.26152162115391,0.39077389429040627,5.770383,8.5732565,5.0,B0C157NRF9
30319,6.261507524314544,0.3907732407188223,1.397744,-8.412429,4.0,B0BZ5C5QNB
28556,6.259807502488441,0.390694422628555,-1.0627717,-3.4881558,4.0,B07FL726FF
26404,6.2534421963627285,0.3903993080217354,0.09141818,-5.1092653,5.0,B0C6D2TBZ7
39497,6.252859839270637,0.3903723082072933,-4.9624567,7.739621,5.0,B07DLVQNTM
28899,6.2512657692784535,0.39029840236055235,-7.261438,2.4758966,1.0,B094V4YD4C
32232,6.224970994074292,0.38907929803272745,1.976119,4.190553,5.0,B0CD1XPB81
537,6.216501061724274,0.3886866066670809,3.8773696,3.7923741,5.0,B07HCWW319
35235,6.184963043577844,0.3872244099335166,2.888073,-14.104464,5.0,B08Q2D3XR1
33276,6.162749489607853,0.3861945232137814,0.9186132,-2.4943366,4.0,B0BRZT27RR
338,6.158493049790412,0.3859971819487476,0.09320447,-11.845933,5.0,B07456BG8N
28552,6.155709114831273,0.38586811040770125,1.227338,3.5295448,5.0,B07YW7GCMN
25778,6.151936301838035,0.3856931915269571,1.0233887,-8.389958,4.0,B07HZLHPKP
16047,6.151936301838035,0.3856931915269571,1.4075512,-8.35563,5.0,B092LK29NP
29303,6.14767389516828,0.3854955736208255,-9.8596735,9.069491,5.0,B07P8QMBWN
28501,6.14767389516828,0.3854955736208255,-9.545826,8.845646,5.0,B00I59XQ72
42847,6.144397638503759,0.3853436765748241,-4.632842,1.0056467,5.0,B0C6KCGB8M
22698,6.14338588831873,0.38529676881388414,3.0954425,5.5725265,4.0,B002C03AIA
39019,6.13849254043547,0.38506989858830826,1.2433542,-3.0188086,5.0,B0BT1BTW94
29311,6.13639247104999,0.3849725330981418,-9.858632,9.070048,3.0,B07961C64Q
46232,6.130843619371103,0.3847152717584396,2.4849174,1.1354307,4.0,B00E0EYIV4
29305,6.116780688850662,0.3840632722898662,-9.821647,9.112905,5.0,B003VAHYNC
19355,6.116733987444029,0.38406110707314534,10.451341,-3.742314,2.0,B08D9FX6KJ
29302,6.116278381643171,0.3840399838272041,-9.822403,9.112089,3.0,B00YBCDSCA
47492,6.114013013852408,0.38393495460917915,-4.369206,1.0686243,2.0,B081QQX3RL
33378,6.110412664899895,0.38376803167655815,2.4245567,-7.6606593,5.0,B0BZ5C5QNB
13382,6.109494853135283,0.38372547918140737,4.829092,-9.299986,5.0,B0B24RXLGY
11604,6.107364136611346,0.383626692798351,4.081453,-6.5963497,5.0,B00KK4GECO
14656,6.106500748459081,0.38358666354444604,3.689688,-8.45947,5.0,B00O27MR44
15384,6.105898400703713,0.3835587369031372,1.5246475,-7.2360277,5.0,B09Y3H915M
2208,6.093336164419585,0.3829763141023248,-0.04436373,-2.610903,5.0,B09PHCV2PN
39873,6.0790040317426275,0.38231183361759813,3.6391215,-6.2606544,5.0,B00WJLBW7I
26859,6.078659708064994,0.3822958697433183,-3.2539854,1.7002832,1.0,B09D3GRST4
41919,6.07171240516244,0.38197377202734795,3.7288418,-6.280604,5.0,B01MXI561P
2791,6.067476740208563,0.3817773939470489,5.058039,-7.127959,3.0,B005JBWX46
15386,6.06445137639132,0.3816371290429298,-2.0059147,-5.8087482,5.0,B00RH46PDS
2720,6.063906515592812,0.3816118676686695,1.6938424,-7.132461,4.0,B00CHCGRH4
29307,6.053423519118021,0.3811258446366503,-9.825139,9.104955,5.0,B01MYMU3PG
26811,6.051010416901619,0.3810139660093314,2.4957156,1.1455164,5.0,B002JH7PEQ
17944,6.042980511173991,0.3806416755923733,-1.4626402,-5.5477448,5.0,B0B8YZ5TR4
18971,6.027753993408457,0.3799357287431784,1.3969924,3.303581,5.0,B0B5GC79VZ
23822,6.015565166257845,0.3793706183052664,1.3266147,2.8850536,4.0,B08D3H2FL9
48154,6.014601988020803,0.3793259624849323,2.1172621,5.6777654,2.0,B071V685CY
9555,5.999134967178994,0.37860886519467574,-8.905692,8.597221,5.0,B00D38XF6M
39801,5.995838448314029,0.3784560287325333,-3.7960508,1.23233,5.0,B08XY75XMC
22441,5.9955171024953025,0.3784411301804333,-3.828728,1.1727437,5.0,B077W8JVFY
20281,5.993158049037272,0.3783317574150103,-2.6558752,-3.7032363,5.0,B09WMGZB5T
45206,5.992375635135968,0.3782954823692712,-11.138342,5.938922,5.0,B07DW3S691
26014,5.9844331284978,0.3779272440351843,0.84545916,-2.8466675,5.0,B07GZFM1ZM
37789,5.9682268333070745,0.3771758717777065,-0.8206406,-9.328776,5.0,B075X8471B
13559,5.963682039209282,0.3769651615468462,5.0840807,-8.346802,5.0,B006LQH2B2
28747,5.95759855254854,0.37668311293229084,1.475781,-9.002596,1.0,B01EK7TEL4
4637,5.9563313421362665,0.3766243612720895,4.7927995,-9.127116,1.0,B083LC9WMB
23105,5.95534751828505,0.3765787482594083,1.2958317,-7.702277,5.0,B07BTPRKTH
36851,5.954344680132825,0.3765322536869317,1.8488588,4.5236254,1.0,B07TQ5HQSY
12014,5.9487604239117715,0.37627335088689207,-7.0629287,2.6909661,1.0,B09WQK815B
6743,5.9477422830589814,0.3762261468355042,-7.8200593,9.1507,5.0,B09P4KJSTQ
3454,5.946995121202809,0.37619150617988445,10.618313,-4.6719613,5.0,B0BZ5KPQZK
19630,5.946721173694538,0.37617880515504826,3.6418097,-5.8844852,5.0,B01H371LW8
21244,5.944448498420613,0.3760734371402745,4.7281947,-6.5662193,5.0,B07GDJGVV8
21890,5.943795018646196,0.37604313986581783,0.3470519,-8.405049,5.0,B075X8471B
10811,5.943724624127969,0.3760398761656661,4.030667,3.8650703,5.0,B00T03KQ34
32622,5.9420067618568035,0.3759602309390716,-3.540245,-3.391615,5.0,B0B126M9YB
32434,5.937683075007054,0.37575977190073556,0.004984464,-11.326713,5.0,B07PDHSLM6
5987,5.933274497158241,0.3755553770620913,-9.410937,2.3563325,4.0,B0BGRNBMKT
43375,5.9328686714214225,0.37553656176862493,10.230062,-5.0907516,5.0,B0B9BK7PQN
29220,5.931960087065251,0.3754944370836942,-0.5368509,-8.687317,5.0,B07KGVB6D6
32768,5.921625080149173,0.37501527528970025,5.091451,-4.227981,3.0,B07YC8BY1H
38309,5.9166949889266025,0.37478670153315197,-0.5781308,-6.4090796,5.0,B07SHFPD8S
36633,5.915911243156164,0.37475036473798123,6.1571975,-12.874602,5.0,B00UN9BEVW
12923,5.909858699961954,0.3744697507549706,2.4233162,-8.379722,1.0,B07MB92NP5
16987,5.908249676386849,0.3743951516154551,-10.286332,3.1583061,5.0,B083RRDL34
31620,5.905774441808904,0.37428039234624955,1.1243451,2.487609,5.0,B0BRQ7N8JQ
42432,5.90355745528019,0.3741776062280607,0.29246378,-8.457788,5.0,B0BLZZRZ2H
20393,5.889854147548734,0.37354227994627176,-0.56513333,6.6967983,1.0,B0819GJQ43
34552,5.884745606733225,0.3733054327335194,1.6463492,9.409214,5.0,B06ZZD4P5X
40314,5.881857955534899,0.3731715525977968,-10.901108,2.7214367,5.0,B07WLR855R
26073,5.8761965136333405,0.3729090712390352,3.081588,5.981512,5.0,B0B1ZFNDTY
24148,5.867460661006166,0.37250405101496636,1.7524931,-9.318037,5.0,B07N93Z3M5
23620,5.858316292545254,0.37208009077650195,0.9818994,-2.559957,5.0,B001IBHUU8
15711,5.848816172170631,0.37163963681659407,6.7327943,-7.3953176,5.0,B0105VDCZ8
229,5.839937405694817,0.37122799067958134,-9.812968,9.103416,1.0,B07FP8VLXS
13007,5.839132747357783,0.37119068431535185,9.7565155,-4.239106,5.0,B09ZQ8RH7W
46090,5.837373456567459,0.3711091183388514,6.2152996,5.1612406,5.0,B01G49FYGK
21173,5.833837237566943,0.3709451686623779,4.845957,-6.575872,5.0,B0837R5H9G
4302,5.830572436155904,0.37079380271614787,0.23480116,-5.446824,4.0,B09HVB9XJ7
3907,5.8241122540260575,0.37049428937435713,4.4509134,-6.4930615,5.0,B003L76BJS
13671,5.823937436479742,0.3704861843106843,4.952058,-8.675343,5.0,B0C2VGFK2X
33809,5.822094083380507,0.3704007209544267,-8.632516,2.68373,2.0,B00E1CRC86
14698,5.819062131969783,0.37026015062979495,0.25756702,-2.3753002,3.0,B07S6X2D8C
13761,5.81035637273751,0.3698565256254105,5.24787,1.7285173,5.0,B08J5F3G18
20550,5.799156894728,0.3693372843691243,1.3582786,-8.844682,4.0,B01K8B8YA8
16305,5.797367877899374,0.3692543402046887,-4.498452,7.782992,5.0,B019WG0CQE
12052,5.795169953444298,0.3691524378611772,-0.5909699,6.7144814,4.0,B09FRWJ2NJ
8335,5.792727940815132,0.3690392188607596,-7.908523,9.546158,5.0,B00AFKCASA
9264,5.791781777438238,0.36899535190016963,2.693521,0.8198714,5.0,B0C2QJ4FF7
22542,5.790295167694391,0.3689264282315534,1.0632943,-3.3954096,5.0,B01N9EX0YR
48469,5.789172864748212,0.3688743949143566,-0.22447509,9.85066,5.0,B00YCXI6QQ
18467,5.787820800370714,0.3688117091708464,-0.09181677,-2.5519211,5.0,B0975CFTPN
42404,5.782035876662641,0.36854350282666243,2.7268283,0.80585366,5.0,B001FW9ICI
13150,5.775083657153885,0.3682211771621413,-0.3266616,9.785543,5.0,B0148H9ELG
26758,5.772415886691818,0.36809749135419295,2.0100484,3.5137372,5.0,B086WMQMNB
30389,5.771429675224525,0.368051767644498,-9.202101,2.3442142,1.0,B0146FELT0
10935,5.759617442058696,0.3675041172287052,1.0532402,2.1270492,5.0,B00OP364LC
7315,5.757746270153089,0.36741736410948217,1.9625233,1.9536564,5.0,B06XN5L3BS
43779,5.754587515978217,0.3672709148299115,-9.441645,9.627036,5.0,B07Q3Z3D68
24105,5.7501064985577965,0.3670631614763316,2.332563,-8.275872,5.0,B00UVSJU4S
36029,5.746856196404447,0.366912467759001,1.4358422,-8.962342,5.0,B0792SBYZ8
24133,5.744623803288731,0.36680896734541524,1.9016424,-8.546879,1.0,B00DSUTG4U
47498,5.741897761331306,0.3666825798968698,-0.5624075,-8.645862,5.0,B0791TX5P5
31122,5.737776267069725,0.36649149511092327,3.07051,1.0044447,4.0,B08XJGG2YX
6256,5.737358987263665,0.3664721487725906,2.4072368,9.751576,5.0,B06XCNLLMQ
29312,5.725019528542217,0.3659000546050788,-9.8202,9.087724,5.0,B004TS1J18
7309,5.72255638984219,0.3657858561369071,2.6651604,-13.783579,5.0,B0BJ1SRSGL
45395,5.709808247568172,0.36519481417905364,0.34562594,-11.321266,1.0,B07BFRHZLB
24717,5.700596045963189,0.3647677089933949,1.4771821,-8.895885,5.0,B0BYSG291N
36269,5.700459399796802,0.3647613736689234,-1.2297828,5.901665,5.0,B09528H4TX
21938,5.697995466691555,0.36464713836975254,4.569079,5.063833,5.0,B07SRYKSKV
39405,5.6957625615624226,0.3645436142176952,5.9431863,-4.33371,4.0,B07H9Q74PG
40753,5.693505610845737,0.3644389752403685,-3.528375,2.474508,5.0,B07LGZBQFS
21673,5.693473028837228,0.3644374646411231,6.662562,5.1994743,2.0,B07KLJRYCM
44703,5.689305892364507,0.36424426374592295,4.1482806,-6.4067965,4.0,B078L5WKW3
41539,5.687596040251952,0.36416498989421014,1.3618972,2.842567,5.0,B081VT2CPW
42017,5.6862157829800895,0.36410099704389765,5.0873766,-9.595892,1.0,B01NBJW3T5
8589,5.685253236849812,0.36405637052992135,7.0318456,-0.2496256,5.0,B09V6Q26GD
34821,5.677827645155219,0.3637120979167785,0.047246855,-3.0310612,5.0,B004H8FN6M
19490,5.673842801966769,0.36352734868279485,0.0021133989,-2.1166584,5.0,B0817CGWJV
11976,5.673586456560252,0.36351546374397803,9.872254,-4.3120465,2.0,B005BJUZOG
33941,5.673078311262082,0.3634919046099922,-8.85648,8.597971,5.0,B0B1HR8JSR
11579,5.671615395600824,0.3634240794698252,2.176303,-9.094882,5.0,B07S6X6RLG
9983,5.6581349764827324,0.36279908696997837,-10.109717,8.049915,5.0,B08RD8K7ZG
44428,5.651372040851957,0.36248553707148085,-9.750686,8.09984,5.0,B01LZ1UFXN
4432,5.650299614226019,0.362435816169484,1.2963477,-8.331284,1.0,B01DLCQZGG
2743,5.638811155142113,0.36190317688732676,-5.377278,2.7926614,5.0,B07FKYHTWP
35720,5.633435934945701,0.3616539656218347,-9.758406,8.135788,5.0,B0BZ62FQ13
878,5.624435572483755,0.3612366819316659,-4.290551,7.855427,5.0,B0BQQ234HZ
20610,5.619875341583302,0.36102525600452046,-4.2451797,-2.6851172,5.0,B089YB682R
3329,5.616193218331723,0.36085454177111354,4.512468,-6.4414663,3.0,B07XG26541
29499,5.613001179362537,0.3607065493090481,3.7398496,-8.629482,5.0,B015YEM5C2
26326,5.612547384814643,0.3606855100382049,-3.8058407,1.2761033,1.0,B00XIHMZZK
28455,5.611555091707266,0.3606395043655083,1.5098857,9.388827,5.0,B0164S3O90
37867,5.603926889074903,0.36028583810403875,3.3681889,-7.1787777,5.0,B01N7U1UXQ
40019,5.5960779857546035,0.35992193949938583,-8.885618,10.392645,5.0,B01DWKXG4Q
10317,5.595947365212649,0.3599158835408631,-9.755353,8.112888,5.0,B01A8Z6294
25572,5.590816895280092,0.35967801962873636,5.2382083,4.5979586,5.0,B06XK138G4
17699,5.586379494265656,0.35947228846203155,2.3720539,1.5547167,5.0,B095HQPY5X
37324,5.571888783909118,0.35880045584236653,3.955948,4.088829,5.0,B01CZ5VKVA
8228,5.57136550194913,0.35877619492752166,-0.35580882,9.722519,5.0,B08P3VMW76
22885,5.570143701177001,0.3587195485938878,0.38328707,-2.3207088,5.0,B01NAFVWBJ
16408,5.570143701177001,0.3587195485938878,0.024927786,-2.3367817,5.0,B07WML2XTD
42815,5.569208246177653,0.35867617810566965,-1.7805322,10.20188,5.0,B0039BPG1A
15394,5.566934176690498,0.3585707454510058,1.6954877,9.425677,5.0,B00CBPYRDI
3109,5.565860437769196,0.35852096370707565,-5.4196296,2.8562465,5.0,B0B46FYQVX
35244,5.563125053162052,0.3583941431053803,2.261489,-7.133246,5.0,B0C38JGJW3
19216,5.561605440240996,0.35832368931087955,5.7381444,8.579401,5.0,B09P8CSV3Q
13476,5.558110299523206,0.35816164414630486,0.18604895,2.1838465,5.0,B07D57BWKT
48956,5.551203466379387,0.3578414227292432,2.8858135,0.656304,5.0,B08D7638C8
8402,5.550718476894804,0.3578189371679477,-9.754431,8.092415,5.0,B08KZ1TZYB
1753,5.549830929834723,0.35777778783490743,4.9530845,-7.990937,2.0,B0C6QKB234
35589,5.532001493202217,0.35695116189144144,2.3266933,1.3042527,5.0,B08MNDQN2M
4464,5.528348389242696,0.3567817930791025,6.540622,-13.2764225,3.0,B09L44Z63L
20412,5.523322024107902,0.3565487557763882,-5.6532717,8.238063,5.0,B06Y5WDVV3
32512,5.514886922608031,0.3561576792730034,2.7021842,1.1611577,5.0,B09DCPPYNR
17586,5.5140936982437845,0.35612090302190863,4.2751904,-6.5587325,5.0,B0BJZN7BGY
13514,5.511877579742074,0.35601815714804463,4.5962367,-9.030677,5.0,B01H8E4ZA6
34641,5.508891177451016,0.3558796986166677,9.6649885,-1.8541564,1.0,B083BM815K
11494,5.508071957410094,0.3558417171283464,1.8406564,-6.9696207,1.0,B00AWKC0JM
35850,5.4980365721926585,0.3553764466913499,5.4392004,6.5907884,1.0,B07YQXK75S
9165,5.496928002786328,0.35532505010208604,-5.0559006,2.8988717,5.0,B0BRLZFYTJ
31197,5.496786797508295,0.35531850340357946,4.796776,-8.588633,4.0,B09GLYFS9M
9131,5.495028769659861,0.35523699598083774,8.74009,-6.494406,4.0,B09JJYSYJD
44658,5.492143006276386,0.355103203369851,3.3905833,-6.2522335,2.0,B00006JPEB
7714,5.491975881624801,0.35509545497175854,-3.501733,2.4472404,4.0,B07G61MFF6
13513,5.49130726774966,0.35506445603518283,4.5474176,-8.8414,5.0,B004NCSNXM
46218,5.490374243805274,0.3550211982579349,1.4781837,1.4037415,5.0,B01NAHJFI0
47150,5.481963399606169,0.35463124639547644,-1.0632086,-10.127394,5.0,B07KTYJ769
30776,5.479949535810105,0.3545378776539539,4.4612784,4.6063824,5.0,B076JKGXJ4
3126,5.479639812782954,0.35452351796919157,0.6182045,-3.015209,2.0,B08N5DB78L
14243,5.471666184018737,0.3541538367203712,1.8419498,-8.895966,5.0,B000ECOSFW
24019,5.470402185206134,0.35409523395952436,5.501365,6.5344343,4.0,B00D7SB2NG
22938,5.470065191983633,0.35407960994704246,3.7586637,9.156437,1.0,B07VLXJHQP
31557,5.468865131604499,0.35402397156297205,3.5956817,2.365699,5.0,B0BRQ6Q2FX
37161,5.467865563132859,0.3539776285826548,-8.903532,10.425159,5.0,B005HSG3JC
39738,5.461985292868192,0.3537050016872821,3.4647264,-6.9080544,1.0,B077MYRYBK
31061,5.4590538974142815,0.35356909343719506,-8.880036,10.39591,5.0,B085SGR1TV
28225,5.448993340594844,0.35310265596953555,2.8233168,0.677232,3.0,B081TWQR43
48913,5.448601552897281,0.35308449152150434,-9.763585,8.119638,5.0,B00YBCFNO6
46687,5.446213267501418,0.35297376347612003,-0.19779915,0.8670507,5.0,B00N2ZDXW2
31728,5.445467901375202,0.3529392060759054,7.1092877,-14.821137,5.0,B08YRSWP4L
14649,5.443709643220835,0.3528576879754927,3.4744458,-7.8326693,5.0,B00NJTO4CY
22672,5.429988266640963,0.3522215239679149,3.325245,5.352923,3.0,B07GW9TJ3G
44337,5.424225013018215,0.3519543223136207,1.7842307,-9.261703,3.0,B00SMBG8NC
22401,5.407413295722788,0.35117488087881504,5.4031186,-4.3898053,4.0,B00X7XEN1O
34702,5.405849878912424,0.35110239620515227,-9.769928,8.138325,5.0,B074HQFBQC
11848,5.4052721138895015,0.35107560929275466,0.42143732,-3.0910237,4.0,B07PJLQDLH
47333,5.400930091789443,0.3508743001774421,1.2263217,-8.412343,5.0,B086VR2KY8
30007,5.399896657226658,0.35082638706397246,6.635315,-1.1420342,5.0,B0BMPLPGVD
4826,5.397631768601771,0.3507213800615089,10.2491045,-5.7339187,5.0,B06WP2Y7B4
4309,5.389468566195871,0.3503429096123541,4.5220437,5.1881666,2.0,B07B8QMNMV
2000,5.388043082015876,0.35027681990747606,2.9816332,0.52280384,5.0,B0BLBPR39X
29091,5.384037758872258,0.35009112116159175,4.452671,4.8595433,4.0,B07GM2J11Q
32615,5.38337922402185,0.3500605895187113,1.0678953,2.5839767,5.0,B0B1CZFTRZ
24372,5.3831707321477795,0.3500509232126097,-9.769578,8.132626,5.0,B01DPW2SR2
24144,5.382517262037225,0.3500206263861985,-0.57683057,6.6113153,5.0,B00CB3E528
49405,5.378741677519122,0.3498455790092824,-5.4928784,2.9003959,5.0,B014V4MQJS
30320,5.37751456861412,0.34978868657475176,1.1804854,3.5987298,5.0,B083F5QTNF
13668,5.374348659601559,0.3496419055755325,4.6442313,-8.775216,5.0,B000I23TTE
34831,5.367899478833273,0.3493429022897277,6.3546295,5.16158,4.0,B0000512VR
45138,5.3677606153416395,0.34933646416343406,4.6079583,-8.812658,3.0,B07C1RSV9C
17313,5.365791827512248,0.3492451852783801,3.3505054,2.4043822,5.0,B0BG99SVS2
12770,5.365026985719817,0.3492097249281009,-4.131288,0.9641392,4.0,B07N57QLLW
39238,5.361874064216787,0.3490635460686205,-8.886234,10.410318,3.0,B01MAVVA17
2181,5.355619236640994,0.3487735535774034,5.3501196,-9.612955,5.0,B09N232D3J
34547,5.351778029066056,0.3485954637195392,-0.49755704,-10.54037,5.0,B00VXS8E8S
9459,5.351045061286526,0.34856148114371405,0.4326946,-2.2625299,5.0,B00176T9OY
46325,5.3493014611414536,0.34848064263239953,4.7774963,-9.526961,3.0,B07VTK654B
40355,5.343738090498832,0.3482227081501667,1.2123957,-0.33642277,5.0,B08GNRGB67
23323,5.337303293329962,0.3479243717309984,1.2225866,1.6397955,5.0,B014Y2KRSO
25000,5.335834533709582,0.34785627564742905,7.8379383,5.451821,5.0,B08B7XXBGZ
49783,5.33498416136708,0.34781684984534644,5.2791266,1.6666299,4.0,B009MPBJKY
16904,5.328423428105661,0.34751267465272356,3.300798,5.3061943,5.0,B0C55RQBGJ
41043,5.3276508813009436,0.3474768570750578,5.003012,-9.62897,5.0,B098WSTYZS
7249,5.32172428507288,0.34720208236963424,3.2130766,-6.300635,5.0,B07W5WFNY3
34400,5.31595488825471,0.346934595898449,1.8603069,1.0442139,1.0,B0189XYY0Q
16877,5.312896491245324,0.3467927994768633,4.4772983,-9.133895,5.0,B01EJCCQ9M
31477,5.311335104714653,0.34672040893303213,5.7388153,-15.625433,5.0,B0BNVPKVF2
14402,5.3067949626658,0.34650991438505746,2.1601858,5.779232,5.0,B08Z7ZCVS3
46764,5.30291380710789,0.3463299724193676,-9.801053,8.206985,5.0,B0000BYDKO
17442,5.299579457952886,0.34617538203196996,4.0101776,3.4505181,5.0,B0B72PYMGX
12500,5.294280432777575,0.34592970339527057,3.591433,5.9941497,3.0,B074PXS24F
9920,5.289351495750232,0.34570118315066095,-0.26581514,0.7640656,5.0,B09WMH6MR6
15543,5.286525568380649,0.3455701647160241,-0.9969149,-3.317519,1.0,B000QV9T6Y
38549,5.286322766605422,0.3455607622199027,-8.866876,10.393282,5.0,B0BJ4VTSLC
17694,5.286176767409428,0.3455539932610387,2.8256478,1.077895,4.0,B098XQQP19
19047,5.283911329395595,0.34544896078726245,4.797673,-3.9689052,5.0,B08KGY7KS1
2486,5.283112872163527,0.3454119419247835,2.4968147,-8.255927,2.0,B00XJ5CD58
29310,5.281162231041016,0.3453215043752695,-9.804756,9.074124,1.0,B00HR97A0A
23365,5.275766358680147,0.3450713356137398,1.1203933,-13.5866165,4.0,B0BS1QXF6M
2986,5.27464186011697,0.34501920050118007,2.9728692,0.61737984,5.0,B01F3R9DP2
36725,5.273388162581323,0.3449610753383056,5.912421,-4.754846,5.0,B01N4GNFY5
21551,5.273168468194257,0.3449508896502367,1.8754703,-8.777513,5.0,B002EBGTUS
28045,5.268067885718935,0.344714411409909,2.7275782,1.1872917,5.0,B09ZTJ16HF
4265,5.262273809936518,0.34444578074821874,1.7930982,1.0357265,2.0,B08GWV46QP
39517,5.259637784759415,0.3443235667465127,2.9111295,-14.006601,5.0,B07L2F95NH
13528,5.256736873519607,0.3441890718356558,2.522655,-7.961865,5.0,B00TOBFSTE
36129,5.256180248388044,0.3441632650317719,1.8938569,4.2961917,5.0,B08CLYX2YR
43833,5.25042511176791,0.34389643970596656,3.9341083,-9.064553,1.0,B08L5F5YJ2
28874,5.2469239682631255,0.3437341162342548,0.23008056,-11.644998,4.0,B07RDPDS3F
43639,5.246854313738987,0.3437308868424395,1.8808511,4.306678,5.0,B07RBBN3X3
44964,5.246218117011653,0.34370139086167456,2.3561287,-7.3239737,3.0,B015WV1D20
41181,5.246167206368158,0.3436990304921587,-8.8773155,10.407904,5.0,B00BPJMQ8Y
31194,5.245517776852329,0.34366892099978935,5.03661,-9.61313,4.0,B07J4GVS65
24980,5.244460470742448,0.34361990113008584,2.2391124,5.8869157,5.0,B07JMQP6T6
42037,5.236319141781852,0.343242444799197,3.2925851,-6.4237227,1.0,B06Y168Z4S
17431,5.230607601243547,0.34297764071797815,0.15084961,0.59384423,5.0,B08TR3Y1VR
30237,5.228038900366576,0.34285854807194144,-9.40735,8.510469,5.0,B08Y68GYDP
3670,5.226956495443302,0.34280836454627234,-7.7429023,9.04162,5.0,B07RWCK6KX
19605,5.224466923089537,0.34269294053494903,-1.3084059,6.140612,5.0,B09YYX736L
17990,5.224382489402673,0.34268902593700057,-2.7419527,-3.5313888,3.0,B09G9ZQSQ7
36027,5.222512283405073,0.34260231760015813,2.4928102,-8.273663,5.0,B07D4734HR
37912,5.218723142096512,0.3424266416899387,6.1711507,-7.5824294,4.0,B015KY5J7Y
42457,5.215958154461756,0.3422984486034513,-3.7488685,1.1613479,5.0,B00XJ2LLTU
11064,5.210948149354024,0.34206616980046334,4.824652,-7.765091,5.0,B00XHU3354
33128,5.210741309006463,0.34205658006406425,-0.7542525,0.6531928,4.0,B004MYFTDI
12421,5.208742030647759,0.3419638875469882,4.307714,8.906384,4.0,B08KZ1TZYB
47120,5.180316098666935,0.3406459764246754,0.61809665,-2.141335,4.0,B01AG56HYQ
10688,5.177226432339075,0.3405027302640757,-0.6464382,-9.009703,5.0,B08WJSHSLC
32676,5.17449042320533,0.3403758807074615,1.1328025,1.737977,5.0,B08HD5Z86F
36350,5.174133580912327,0.34035933643277677,5.6923904,-4.246086,5.0,B0119EIHTG
36694,5.170346351005432,0.3401837491408484,0.18298624,-2.019341,5.0,B08YFXR1KC
49926,5.170236360102554,0.34017864963401945,-0.78853697,-10.397614,2.0,B0791TX5P5
13004,5.164740790779512,0.3399238586235026,-10.044904,4.7516003,5.0,B08F9T8LLQ
32660,5.155710514120655,0.3395051880218035,0.39504048,-11.690502,5.0,B098P6JCHF
31201,5.1511231403902595,0.3392925036719791,4.474564,-9.370116,5.0,B00OGLCR3W
21240,5.14500596938403,0.33900889335054313,9.118571,-2.2014234,4.0,B01323CST2
17223,5.1445820668678754,0.33898923996358665,6.127631,-12.91173,5.0,B07W7RHWKH
34405,5.142316897313251,0.33888421993638135,4.8619494,3.853494,5.0,B006VAD2C6
2776,5.140430426207873,0.33879675750055416,4.485745,-9.128644,1.0,B08ZDF3WT3
13414,5.136987816891688,0.3386371478486828,4.7131267,-9.203404,3.0,B01GHNNGB8
22595,5.136447062165091,0.3386120768441822,5.5154557,-4.0991397,5.0,B00XIEWECM
43785,5.124571869638975,0.33806150744437036,1.0741533,-2.5457888,5.0,B0B6D4W3R7
33543,5.119167046814269,0.33781092371259985,2.4727304,9.952353,5.0,B017L2INC6
43722,5.116104744792458,0.3376689462429729,-0.5225328,-9.170182,4.0,B0791TX5P5
11394,5.114261593065724,0.337583492222946,3.7114105,9.114139,5.0,B071GNCMKM
29603,5.110365617665367,0.33740286316508955,-1.7267483,10.15109,3.0,B002TLT07W
17437,5.109068489048014,0.33734272440752716,0.8385442,3.6168368,5.0,B08HV18KMV
12393,5.102251013052414,0.3370266458547901,-3.4856853,1.4145888,5.0,B07T2451BH
34919,5.101842326285436,0.3370076979154189,3.688863,-6.0387487,5.0,B07C5QRJZD
8374,5.099943167535394,0.3369196472424838,-8.862998,10.401826,5.0,B00AU0ALZE
47633,5.0993311462737,0.3368912721085244,1.0816264,-4.0594974,3.0,B073V6XMJN
18521,5.098955759690763,0.3368738680651616,-0.2851648,-4.440991,5.0,B08Y3798QJ
44101,5.091460885768514,0.3365263833209806,-0.86417234,2.9613366,5.0,B072MKFNV6
11785,5.088903829696828,0.336407830562903,0.20901722,-11.628688,5.0,B09Q5BNT76
40738,5.085043917675635,0.33622887351103536,1.7620395,-9.1630745,5.0,B07SX8QRRZ
25838,5.078889302914823,0.33594352718528264,-0.0104817785,2.5910296,5.0,B0C287FZCD
30517,5.078185524228216,0.3359108979030008,-8.86692,10.407736,5.0,B0000E1VRT
26684,5.077291492475623,0.3358694479202443,-4.6529555,11.235802,2.0,B0B6TP9F78
39573,5.076552723825065,0.33583519639870957,7.4602957,-2.6184254,5.0,B07MD833SJ
28897,5.071262599737604,0.3355899304430328,-6.7867937,2.831297,1.0,B08LQ2K8RL
37531,5.071178942730431,0.3355860518542749,-1.0142753,5.943233,5.0,B01MRURNDQ
10308,5.069255509687477,0.33549687575260684,-8.443075,2.7641642,2.0,B00DIFIM36
36162,5.068934874451351,0.3354820101452388,6.33232,-7.4719787,5.0,B000095S9H
35542,5.066973603919508,0.33539107978455535,-3.377146,1.3383694,5.0,B09FK33MK5
37550,5.063430358200295,0.3352268043284124,1.9031147,-8.977343,5.0,B0872GBSJV
26777,5.062102208281376,0.3351652273306407,-1.0341506,6.418551,2.0,B07MB8ZJM7
23679,5.0617081417074745,0.33514695722709487,6.227709,-4.1358166,5.0,B09G9STJF6
27221,5.061525259461468,0.335138478259853,1.9436511,3.4710655,4.0,B07BLX8426
48148,5.060705737057814,0.3351004827530922,0.5818058,-11.548435,5.0,B0792K2BK6
30068,5.056576509165618,0.33490903941292793,7.367142,-2.5358071,5.0,B0BHTS96ZL
36306,5.056471942739887,0.33490419140106387,-16.15043,15.172804,5.0,B07DQCDY9M
38818,5.048759440123476,0.33454661674050773,-3.4689274,2.70224,5.0,B07Q49V3GL
14770,5.048084311577676,0.3345153157643392,1.3213354,-7.263593,2.0,B09TKM2R9K
15489,5.046400318517355,0.33443724081553566,0.80203617,10.545346,5.0,B00S0ZP3G8
18451,5.040315017590856,0.33415510808620025,-2.8266737,-3.4155176,5.0,B0C2TNX859
31587,5.039351111295049,0.3341104185108868,-3.7002654,-2.9811344,5.0,B09QHQZC39
8279,5.0355213051476815,0.3339328572572638,-9.784026,9.07968,4.0,B083TH1B45
49441,5.03135590149779,0.3337397367009064,0.36700818,1.9989984,5.0,B0BDMVV28G
39593,5.015116081278444,0.3329868101229538,1.1967989,-3.4605272,5.0,B0B3M94LG1
4668,5.0073148763081265,0.33262512295629343,5.3453074,-8.096661,5.0,B0B787CN26
40980,5.007263367481953,0.33262273485324173,6.1287885,-13.019153,4.0,B01NAWZU1X
22868,5.006514553204987,0.3325880175864578,-1.0241485,6.2224,3.0,B08C4ZVCD8
29715,5.005902123534874,0.332559623517464,-0.96590954,-7.5070825,5.0,B082GP6Q7N
20925,5.002102440919004,0.3323834588807481,1.2894667,-3.6098764,5.0,B0C9MNW12X
31157,5.001812101894717,0.33236999789626365,-0.4479106,9.743636,5.0,B07C9YZ8W4
6515,4.999761819671736,0.3322749406876779,1.2897359,-4.143765,4.0,B075JZNHTD
5925,4.995285651802108,0.3320674121737596,-0.55357087,-9.062439,5.0,B07GZFM1ZM
12834,4.992321312135771,0.3319299765315715,4.569368,5.018488,5.0,B08R3X5FKJ
14907,4.990625223041725,0.33185134077451056,1.549905,-8.962064,5.0,B00O8ZGE2Q
11239,4.985642551973133,0.331620329259231,5.336572,-10.538889,4.0,B082X196WJ
4801,4.984177520551441,0.33155240602608993,9.684088,-4.6092863,4.0,B07STM5GQG
7091,4.982469217415024,0.33147320398953806,2.1908998,-6.847178,5.0,B00XUXYT6K
5975,4.975803859393181,0.33116417808048043,-6.1953564,2.3263044,5.0,B0C46VF5GR
12622,4.970479574711467,0.3309173283376075,1.1110373,1.6986005,4.0,B07BMJH2XF
42772,4.963293749996011,0.3305841720378641,-9.118221,2.4478886,1.0,B07C2QRSGN
35617,4.963020362638061,0.3305714969832701,-3.646611,-3.4236548,5.0,B0056HNTAU
16178,4.957794744893181,0.33032922173433266,10.867873,-3.506225,5.0,B007NZNG42
20018,4.95444380639981,0.3301738622156517,-3.0855322,1.6488642,1.0,B0711SCG9Q
26730,4.949823848669972,0.3299596671742762,-4.134885,8.000068,5.0,B09FGF8RLK
21539,4.94682642256989,0.32982069754618193,1.354978,1.424385,4.0,B0129YJL36
45207,4.940829992969817,0.32954268515702145,-11.0871315,5.9695225,5.0,B00K85X2AW
37634,4.93925751429737,0.3294697803483624,-0.71258414,-3.5676079,5.0,B01M9ESAB7
20926,4.9355097267183625,0.3292960217205794,8.476071,5.559785,5.0,B0BD87CCC2
19031,4.9307983821522825,0.32907758971247947,0.46077818,-2.2156994,3.0,B08M47BL5B
40991,4.928270727509474,0.3289604000924744,4.0398593,9.192139,5.0,B005DOK8NW
15479,4.9271599135783175,0.3289088994403347,0.039849386,-4.9693265,5.0,B01LYR9TPC
47880,4.92523718094866,0.3288197558119193,4.1507874,8.915213,5.0,B082HX5JZQ
21379,4.913548771293458,0.32827784622397227,-4.095052,2.7371821,5.0,B07G5ZG3Q4
42038,4.911324330577482,0.3281747145073943,3.4025116,-6.4880624,1.0,B06Y16H65Q
11778,4.9098216936811445,0.3281050477721113,5.5157733,-12.013216,5.0,B0BKPX3YSH
43080,4.909430217434713,0.328086897763885,4.2825747,4.1713552,5.0,B07T5RGLZV
13474,4.907753232637621,0.3280091477391003,-0.2585723,3.0964503,5.0,B09XY54SND
20690,4.906976758527083,0.3279731480798048,0.13289194,-2.2232492,4.0,B07HSVMJPV
25329,4.904564934552007,0.3278613287155723,-7.2885423,2.628118,1.0,B07ZDWNCKD
39803,4.900194230496071,0.32765868981910473,-0.035380084,0.48208827,4.0,B08D7JPKLZ
36255,4.900028124955306,0.3276509886700342,1.1220807,1.3093232,5.0,B01M2ZGGB2
17133,4.89937816559435,0.327620854612462,-11.735023,8.323564,5.0,B07QKD8WSY
44028,4.894764339062816,0.3274069438317554,-4.4596686,2.8461459,5.0,B0034CL2ZI
35245,4.879042950301387,0.3266780532848819,4.423027,-9.345377,5.0,B083LQB2FK
2463,4.878308343127049,0.32664399470181615,4.4371243,-9.315948,5.0,B00P28VN38
29172,4.8766162837572775,0.32656554577481034,4.7827945,4.0566664,1.0,B00I9HU29K
31060,4.874083017027096,0.3264480959616699,-8.858552,10.412549,5.0,B0B5D96R42
36040,4.872187007655348,0.32636019130332056,1.4576672,-9.280839,3.0,B01C6ESQM6
46087,4.867902211431634,0.32616153535058395,4.9845777,4.169413,2.0,B084SDJ7XW
27481,4.8632864829985305,0.3259475363920391,1.4716055,4.9608765,5.0,B089W47DTX
4188,4.857829479641567,0.3256945334149163,2.950218,-14.096271,5.0,B07XV3GGRX
30910,4.8537604282283695,0.3255058800360813,-0.51287866,0.91944623,4.0,B0BXZGXSRQ
7608,4.849330668646394,0.32530050314901227,-11.730752,8.337963,5.0,B07RCBWTGR
15163,4.848654432988184,0.32526915084380514,1.4129412,4.651929,4.0,B091VTJKKX
46431,4.847977940919532,0.32523778665064396,1.5679907,3.3183708,4.0,B00TEAFQWO
10229,4.8446156883918485,0.3250819025795343,-5.4824347,-0.13267775,5.0,B071Z2WHPR
41520,4.843934277672093,0.3250503103430147,9.222633,-2.2837029,5.0,B07MW522WN
19174,4.842169521387619,0.32496849096987857,5.710867,8.602875,5.0,B09YLVLRQ7
5813,4.84027604739696,0.3248807038593704,-8.541953,2.7861416,1.0,B0BS2TMK39
42036,4.838736109615396,0.32480930774362077,3.414197,-6.6065507,1.0,B06Y1766PL
33126,4.83697055101492,0.3247274511727181,-2.9468157,-3.2734442,5.0,B004RO9L50
40734,4.836265038124838,0.3246947414875827,0.71227556,-4.06443,5.0,B07WRXJCFM
42035,4.829704958332376,0.32439059659173275,3.4174626,-6.527144,1.0,B072M24CGT
7796,4.829704958332376,0.32439059659173275,3.2847443,-6.8231425,4.0,B07GTGHQHB
41467,4.821634737762911,0.3240164370582761,-5.1094785,3.0360897,5.0,B07J2MZ8YK
16123,4.820014707843625,0.3239413276317656,0.20902832,0.56087625,5.0,B08PD489WV
14739,4.818225974332978,0.3238583966027979,0.015909325,0.37800273,1.0,B01F3801A2
3213,4.811437017046161,0.3235436402625928,5.0637984,-7.2263913,5.0,B07QKZX6JS
11109,4.810702339151072,0.32350957840070177,7.8774405,5.481124,4.0,B09KKBLNVD
18617,4.810346214089821,0.32349306737902367,2.0672524,-8.698584,5.0,B006U1YUW2
12731,4.808346026799875,0.32340033272118,-3.162946,2.5373282,4.0,B0BRLZFYTJ
43911,4.802190302427311,0.32311493495051175,-0.29963863,-5.547863,4.0,B07C45NMP7
45209,4.801516623499754,0.32308370118297536,-11.075243,5.9997473,5.0,B07Z9K19JN
30010,4.801387932996643,0.32307773470681894,6.665626,-1.364213,5.0,B09Q2PY8J2
7871,4.801109699373713,0.32306483496490346,6.7585087,5.3426943,5.0,B0BVZZ36ZL
20391,4.799167241022509,0.3229747767931113,5.307086,-9.886232,1.0,B07P94PB7Z
49966,4.798906139193825,0.3229626713323542,6.995998,-2.2662132,5.0,B00C93DDV4
20593,4.795724451890615,0.3228151588044465,4.3830085,4.11823,4.0,B009T3EYHO
31673,4.795353946860488,0.32279798108445457,-3.4723542,-3.4746711,5.0,B0BC1WVB13
27519,4.79533926247633,0.3227973002725389,-10.591414,6.2668595,5.0,B07G61JRYR
48762,4.7934430052102295,0.32270938412106687,-0.034557402,0.31409466,5.0,B01I4TE612
47000,4.792912356031024,0.3226847816399312,1.7701305,3.232033,5.0,B077TY2YN2
43022,4.785050170148714,0.322320267216025,7.1997895,-2.5159318,4.0,B07RPKS7X4
9608,4.784742147116973,0.3223059863481283,0.9402289,-8.263911,4.0,B0BMWKN3HB
13932,4.781962345637699,0.3221771064475562,1.345168,-7.088218,1.0,B00LTKGFDQ
12282,4.7818876522334985,0.32217364343820876,-3.49123,1.3547859,5.0,B081BNHMLJ
39435,4.775425704352464,0.32187404823091825,-0.6181675,-8.99875,5.0,B0CDPYGLTJ
23794,4.77019503635348,0.32163153883711415,1.686395,-6.8728642,5.0,B00I0NGWRY
791,4.765927896168931,0.3214337014710964,2.5431175,-8.342617,1.0,B004JO1ZO8
40036,4.764830301913007,0.32138281372259114,4.315616,8.885426,3.0,B08KZ1TZYB
23457,4.763501984222769,0.3213212289464399,5.888486,-4.8706017,5.0,B003O973OA
43437,4.757463986637599,0.32104128934131587,-0.40803686,1.0245365,5.0,B074MQZC8T
44426,4.7568139113189964,0.32101114990760077,-8.39798,8.844033,5.0,B075X8471B
13317,4.754517850538773,0.32090469767089647,6.07745,-7.655193,5.0,B0BH26PMZP
18993,4.753237009306562,0.3208453140451639,-3.1095476,2.1432383,5.0,B09JN1NWW3
30711,4.748888679540869,0.3206437124876299,5.8293724,-4.6800313,2.0,B00R124LAK
34032,4.745040609145419,0.3204653044489057,-3.6220288,1.4461734,5.0,B081F55QMB
19567,4.738151569007319,0.32014590796874154,1.161415,1.3573627,5.0,B08JJ3N9NK
26515,4.731365929762599,0.3198313054628799,5.508694,6.480796,5.0,B0096M8VR2
3261,4.729881167772472,0.3197624674616459,3.6309154,5.259042,5.0,B084Y41WCL
28966,4.72833052606843,0.3196905750800748,-0.8850031,3.3737195,5.0,B09GLXBVT2
27830,4.726213512780992,0.31959242401999766,-0.06207728,0.39038372,5.0,B092RVYFG2
31034,4.721149301524704,0.3193576320580347,0.2606876,-8.391365,5.0,B001GN1IQU
49088,4.721077842022665,0.31935431898205197,5.838612,-12.804109,4.0,B017ODTKJ2
48571,4.713876204838703,0.31902042956903265,-0.7971334,6.395257,5.0,B07923811F
28053,4.71059447328965,0.3188682786910294,2.5926893,1.5047423,4.0,B08L9K7PPW
9655,4.707524532279965,0.318725947055105,-0.67636144,1.4127079,5.0,B081HG6HT1
238,4.704981902344358,0.31860806313579065,-3.4136667,2.7717505,5.0,B0C2PTV9ZW
9152,4.704396523388969,0.318580923218739,1.001202,-0.17499866,5.0,B07TMJ8S5Z
8931,4.703037263954197,0.3185179038908801,3.760996,9.249345,5.0,B00S5J7UWY
4850,4.702927582505981,0.31851281873129367,-0.031736437,-3.2623174,3.0,B000JTL6QO
37670,4.70217819148497,0.31847807472493295,-0.8461005,6.080017,5.0,B004AKCTTQ
2398,4.6996931616256985,0.31836286131722397,3.692047,-5.9467216,5.0,B00RFLGH5E
6635,4.69566405760122,0.3181760600186633,-8.856683,10.423028,5.0,B07L5L1M23
47114,4.694589272092028,0.31812622975179217,5.0358763,4.3399677,4.0,B07HBD71HL
10915,4.691901107485512,0.31800159841038445,2.2703924,-8.582722,3.0,B07S6X6RLG
32955,4.691259068591905,0.317971831569339,2.67356,1.2200053,5.0,B01LX3FJ8X
44391,4.687245370323696,0.31778574452766,-9.122776,8.529554,4.0,B00X4RAEZC
23337,4.68491673892224,0.3176777822196584,-16.624792,12.393097,5.0,B079Z1YZT2
44973,4.684328140453962,0.3176504930363717,4.151335,4.1093764,5.0,B01CZ5VKVA
48317,4.683197561472851,0.31759807601747275,-11.409402,8.28742,5.0,B004SLQOMA
49017,4.683197561472851,0.31759807601747275,-11.722815,8.338809,5.0,B07H65KP63
19135,4.679179682390824,0.317411795140776,8.229142,-2.5643363,5.0,B0B6DSJK1V
24291,4.6772331737429,0.3173215491851286,-3.5858045,2.6127765,5.0,B009NLTW60
42059,4.6769336308146805,0.31730766148016337,-9.861318,3.4186954,5.0,B08CVRMWSQ
18004,4.6759141685285295,0.31726039616317736,-0.3174048,-4.2436504,5.0,B09GD9M8CV
41264,4.675423920428933,0.317237666796781,0.40887296,-3.2165942,2.0,B00009L1V5
7785,4.675051241187251,0.3172203882738464,1.3929967,-9.490131,3.0,B01NCUP9F3
14721,4.6728859110115035,0.31711999709849203,-0.92169696,6.3046217,5.0,B002NFW4XG
33832,4.670607711341127,0.31701437295619606,5.6494465,-3.7135265,4.0,B0BN74ZJDK
22462,4.668034913794381,0.3168950903763108,1.1507708,-8.027068,5.0,B0BZ5C5QNB
19029,4.664056246187164,0.31671062746072115,0.69942784,-3.334517,5.0,B08FYCCG5K
664,4.6634752851506045,0.3166836923715839,-3.8865032,2.7121186,5.0,B0002YP96Y
10795,4.663027020976198,0.3166629095053763,3.8337505,9.330106,5.0,B007OZNZG0
1582,4.656062717629396,0.3163400235980258,9.811186,-4.099671,5.0,B07RXXTZ6R
10638,4.65456883495737,0.31627076273473304,-5.176941,3.0656981,5.0,B06XYWT6G4
25646,4.65341297715208,0.3162171737140307,9.284145,-2.2009225,4.0,B083W23TK5
17720,4.653174835984537,0.31620613277811355,3.1587913,-6.10763,5.0,B096Y9FQRM
30108,4.652268601013245,0.31616411701768393,6.756006,-0.5696964,4.0,B0041G2YPI
19727,4.652242600866124,0.3161629115731942,3.6974382,8.909284,4.0,B006HX9DZC
33598,4.650286747112233,0.3160722323505179,7.9112043,-2.722286,4.0,B07C9C7N4G
24853,4.648230952071624,0.31597691955123863,1.9661071,9.463163,5.0,B007T356BO
32027,4.645784111017338,0.31586347669060877,0.21186717,-3.5105376,5.0,B0C81M2P45
32796,4.644507709740139,0.3158042989144539,7.9492774,-6.8562894,4.0,B07NSW2VJ6
15409,4.644364728854916,0.3157976698934937,-8.812342,7.8144464,5.0,B08N8GCHGJ
1031,4.628846949882685,0.31507821930468305,2.644234,1.5366219,2.0,B07THRBHPG
49163,4.628742646576882,0.3150733834918448,-1.1155295,-10.156192,2.0,B01KIOU4EO
40285,4.626065396319117,0.3149492581722492,-8.451564,2.830877,1.0,B078KBJYW8
23336,4.624214642628765,0.3148634517024799,-16.623745,12.39601,5.0,B07D75GT72
13133,4.623661066029824,0.31483778623767517,-1.0903941,6.4153953,5.0,B0BPBC79TN
12221,4.62241655549526,0.3147800870116148,1.4988573,-8.789894,5.0,B01K8B8YA8
27725,4.62241655549526,0.3147800870116148,1.6313121,-8.504338,1.0,B0BPLD4VK9
43480,4.61797751111544,0.31457427965358165,6.047286,-4.3934135,3.0,B09M729SCG
3891,4.617613850460114,0.3145574192592514,9.942327,-4.00293,5.0,B01DLNMD7A
27034,4.616889229943521,0.3145238236874714,1.1470464,1.5892847,5.0,B07F4P3JH7
17734,4.614601401171071,0.31441775311123865,4.0175896,-6.3147306,5.0,B094VLCD4F
45210,4.609595199802463,0.3141856506609592,-11.07224,5.9647765,5.0,B0BPD6Q7KC
29834,4.60333875516535,0.31389558319794875,-0.06169509,3.0793927,4.0,B07HKW2QKM
33701,4.602893345662204,0.3138749326828284,7.08372,-2.365615,5.0,B00Q2ONMKI
31676,4.6010953549025615,0.3137915724601435,6.9868174,-14.715777,5.0,B09WD1LNCH
4542,4.596836858584099,0.313594135849579,0.018012997,2.6354127,5.0,B07ZNQZC9W
191,4.594266647909532,0.31347497320481565,4.8822503,1.6726954,4.0,B088DJQ2PQ
283,4.594253670559495,0.3134743715361012,-0.21991988,-2.6704268,5.0,B00KTCN43E
27543,4.591585794240805,0.31335068082032347,10.215076,-3.7432,5.0,B0BHP89YKH
34035,4.590789347902783,0.3133137551888996,-4.7140903,7.6480775,5.0,B08BR9X387
112,4.589728799184164,0.31326458498216847,6.050523,-4.4414573,5.0,B00552PA7G
8129,4.589728799184164,0.31326458498216847,5.8461237,-4.6788507,5.0,B00WTZGRRE
9222,4.5864923327148395,0.31311453272848006,-0.68022305,-8.908529,5.0,B0791TX5P5
13481,4.583461534728692,0.31297401588005724,8.296654,-6.7162533,5.0,B0B1Y93NPP
5801,4.579475311569174,0.3127892026664925,7.895086,-6.7682304,5.0,B0B1HJ23M3
47719,4.577209920457959,0.3126841723672617,-4.588069,9.388491,5.0,B06XDBCT8S
14560,4.576392344016489,0.31264626708112087,9.288992,-2.2199662,1.0,B007S0X9YE
22110,4.576207665538132,0.3126377048351814,-3.0926907,2.2023225,5.0,B00BPE6ERS
27160,4.573976206044648,0.31253424770711125,6.858889,-1.9513792,5.0,B07HMLTCPL
38758,4.572222009870377,0.31245291793223,0.22835796,2.2097945,5.0,B09BNLV4B3
43825,4.5646460196615095,0.3121016723946858,3.3460662,-6.718533,5.0,B0B7FN67QT
17771,4.558435815579554,0.31181374878194507,-1.6210389,-3.2935205,3.0,B08XYGN2WM
3756,4.556148281015207,0.3117076918460788,2.2019796,-8.888791,3.0,B09G9STJF6
28486,4.55221639683203,0.31152539794978196,0.31477916,0.7558429,5.0,B07MG8KLDT
45600,4.549142457478855,0.3113828809387092,9.43021,-2.374479,5.0,B07SCZ7MT8
18797,4.54692995705377,0.3112803028096857,-4.3642497,7.678849,5.0,B09NHQSQ65
30691,4.5469065988287,0.3112792198525944,-1.1435372,-10.159703,5.0,B07ZZVX1F2
16980,4.5468550731232895,0.3112768309669708,1.5205514,-3.2593539,5.0,B09G3MBH6V
3775,4.545351389298507,0.31120711569295767,0.3447528,-5.358906,5.0,B0BR3GJ3J9
22675,4.544721739850172,0.3111779232636055,3.3866177,5.3226314,5.0,B0C211KFK4
17275,4.543454449652731,0.31111916790432537,3.5209548,5.4537272,5.0,B0BFW7WV4D
46991,4.541264599155621,0.3110176398936241,9.681764,-4.674187,4.0,B00DESF5FA
12365,4.538821097346054,0.3109043518503546,0.66588557,-8.117633,4.0,B001CTK2Q0
45691,4.538043520593124,0.31086830106926394,-12.192061,2.0041237,5.0,B07MW31VRC
48518,4.537167172836369,0.3108276709693812,-7.7724915,9.02932,5.0,B09MSZ1876
41273,4.536588133983152,0.3108008249984058,1.6622416,-13.176137,5.0,B077VNGVL2
41250,4.536588133983152,0.3108008249984058,1.4469503,-13.400295,5.0,B00GHY5F3K
32912,4.533004223238425,0.31063466419020297,10.484847,-5.268455,5.0,B0BZ5KPQZK
24889,4.532577391303265,0.3106148749866305,6.32341,-4.0270085,2.0,B077F2SZGZ
19793,4.527927351053541,0.3103992852297688,-0.015918748,-3.1387753,4.0,B0BT9SLRXR
32114,4.527927351053541,0.3103992852297688,0.23237553,-3.3250484,5.0,B094NP5BFQ
25621,4.525849664756664,0.31030295748645403,-3.4053154,1.3172619,1.0,B004MFQ2I8
37455,4.521633665909037,0.31010749118558856,0.2805708,-11.624473,1.0,B01F2O1HFU
45208,4.513443863412316,0.3097277874767619,-11.067778,5.9645495,5.0,B016951IQ4
14486,4.512059039851616,0.30966358291965823,-0.9085165,8.112152,2.0,B0784XD4XP
10739,4.5115564761668585,0.3096402825659439,-0.37796506,1.0204608,5.0,B00DTG610U
33797,4.5115564761668585,0.3096402825659439,-0.6871778,1.0041947,5.0,B005F28KKU
15959,4.511378023618448,0.30963200897271526,5.4375715,-4.5225077,5.0,B004DAS2QM
24638,4.507097579851391,0.30943355481287116,1.3142133,-7.0930567,5.0,B00BWA1H8G
8295,4.501909018876357,0.30919299762648206,-8.189779,9.274209,4.0,B0837CF4LW
19359,4.500370439495105,0.3091216644902288,3.5764244,-5.788472,4.0,B08DWC8K25
30877,4.499209291497912,0.30906783020042666,4.5872164,4.5787253,5.0,B00BE5T2TA
36800,4.497135788708548,0.3089716964170175,3.455,-14.4157095,5.0,B079Z2SCP3
34474,4.491441471378515,0.3087076908551843,4.638516,4.9134393,3.0,B08DJTS4P7
14261,4.4906364075058525,0.30867036568911166,2.774355,1.242684,5.0,B08173MYP4
37786,4.489250025784299,0.3086060888910162,4.0371637,-6.293845,5.0,B0786F4DDG
22371,4.489115221401208,0.3085998389571202,-9.002856,2.6904366,1.0,B01BXLC5M0
10385,4.483411033051067,0.3083353757453075,5.510644,-4.533858,5.0,B0B5LJNS2V
44587,4.483411033051067,0.3083353757453075,5.551204,-4.839514,5.0,B01CZD91MW
36850,4.478998195221308,0.30813078340122096,-4.548351,2.8544276,5.0,B099X2NC5Z
17450,4.4779256744174765,0.3080810581328556,-3.3106887,1.2920109,5.0,B09MS92FJ8
13705,4.4772731425606525,0.30805080480669017,0.9825615,-3.7375007,5.0,B00I16VQOY
42628,4.47230706528358,0.30782056262915547,-0.9464019,6.1433296,4.0,B09FDZ9559
8876,4.470050746517175,0.30771595295093157,1.4745828,4.482467,5.0,B0BM2YG2K7
16730,4.469786604335429,0.30770370653032414,4.961261,4.7320547,4.0,B009LGLE68
30101,4.468934759627237,0.3076642124649698,4.733742,-6.33509,5.0,B07889L6QH
7253,4.4669108778262485,0.30757037925881253,-4.1917896,9.138498,1.0,B094VVM37N
23837,4.4666623820578595,0.30755885825266827,-0.5502749,-10.592097,5.0,B07H65KP63
4013,4.46479318417215,0.30747219665490455,-0.12644942,-11.4177,5.0,B07XYQS9TP
40735,4.458500478033493,0.30718044800035993,1.1097989,-7.929643,5.0,B07B6L2QCF
16746,4.458500478033493,0.30718044800035993,0.95224345,-8.19334,5.0,B0C3NMZ2C7
27514,4.457390864459568,0.3071290030003673,-10.611776,6.260043,5.0,B003H3A2NM
15572,4.457097133001743,0.30711538473253,-3.160421,2.5728366,5.0,B07BX9CXPL
12778,4.457097133001743,0.30711538473253,-3.121412,2.2682087,2.0,B002SXMROY
9844,4.455972018548179,0.30706322106545203,1.1540786,-13.565658,5.0,B00BCA40S0
40095,4.455972018548179,0.30706322106545203,1.3531833,-13.331895,5.0,B08JH3PJ2Q
38765,4.452666409408527,0.3069099631510201,3.391092,8.924132,5.0,B072ML61NW
41840,4.449815309957809,0.3067777776635062,3.9205356,8.987315,5.0,B015IKFF92
39479,4.445973118158093,0.3065996421740411,5.093578,-8.1678295,5.0,B003GSLEJO
6620,4.444802819156567,0.30654538361634165,3.546746,9.005774,5.0,B07K9KQC1F
43408,4.443039857136298,0.3064636474306541,3.7907975,6.276853,5.0,B00GV8P4Q0
42189,4.442620456670915,0.30644420277222023,0.6331543,-3.9572968,5.0,B07MZKHR4Y
14834,4.441353160560477,0.3063854471387959,2.4126577,-8.646314,4.0,B0B76859CB
38407,4.439129061011524,0.3062823312397403,1.92354,3.5198956,5.0,B005G40MVW
36137,4.437445737064879,0.3062042873130456,5.375948,-10.652183,5.0,B088KNRJ8L
40802,4.437409421963895,0.30620260363648133,10.247718,-5.872765,4.0,B08WQ55H4Y
29750,4.437358476107521,0.30620024163439125,4.9248147,4.7615294,1.0,B0174ARTIE
1029,4.430366812013057,0.3058760872010455,-0.3473606,1.0588715,5.0,B09LCZ16HN
20451,4.430166823798317,0.30586681514999314,8.152244,-2.593415,5.0,B07KST3RCM
25968,4.429678686333373,0.30584418363892424,1.2974988,1.2951392,5.0,B08FQZYJJF
41080,4.428484447636844,0.3057888151654503,-0.9850996,3.5013373,5.0,B004Z4UA2U
6103,4.426285381056905,0.30568685986961824,-0.90536124,2.965491,4.0,B097M9MNLD
11780,4.424451999450319,0.3056018588215473,6.693064,-0.6540225,5.0,B0C71PTXVC
34232,4.424375730276136,0.3055983227547962,-0.8691512,8.096106,5.0,B018B6SGDC
37956,4.4234846318108945,0.3055570087680038,3.573879,-8.602379,5.0,B09LZ96YMB
15355,4.4234846318108945,0.3055570087680038,3.7136815,-8.874078,5.0,B00005NCWK
16422,4.420783382077391,0.30543177076102024,2.1249452,0.89171755,5.0,B08MWNYRPL
16698,4.420202593099408,0.30540484364903264,6.1546993,-3.9899406,1.0,B09162Q3RK
26368,4.416926736437207,0.3052529651483337,1.7547246,3.1622014,5.0,B088K8Y9YM
13918,4.412256601950297,0.3050364437626093,0.9496193,2.224206,5.0,B093TB6HZH
32763,4.410809116583319,0.30496933401697945,6.240461,2.4271696,4.0,B0825FWNXK
451,4.409554025132196,0.30491114422801946,1.6776912,-8.685222,5.0,B08PBLGCNB
13770,4.4093919067344824,0.30490362793481146,2.4289086,1.5746228,4.0,B098WHLQV6
9499,4.409365460220279,0.30490240179541034,2.6035004,-7.85729,1.0,B006GOFW3E
10075,4.407732457931367,0.3048266909310921,-9.831969,8.175515,3.0,B0BX5955S9
47003,4.404767703439704,0.3046892360563628,1.670313,3.1564586,5.0,B07S1Y6LJP
16897,4.403569457280757,0.3046336817849598,-1.7000483,-3.3649561,4.0,B0BYZWSSTS
28429,4.395564019627263,0.30426252578101104,7.820899,-2.7596521,5.0,B07GH9H1CY
9611,4.3906080292548255,0.30403275126250745,1.0229727,-8.060146,4.0,B08F14WY7L
31193,4.387089849486057,0.30386963793870564,5.3233905,-8.05554,5.0,B01MYMMZS1
511,4.3826141562091845,0.30366213142832527,-0.6072472,6.345688,5.0,B096F75FBW
28519,4.381856331977803,0.30362699643313956,3.8151786,8.858116,5.0,B094X7HC69
28663,4.379469121305845,0.3035163182151659,-9.209566,1.593722,1.0,B0971CPCPR
7660,4.377579713751735,0.3034287196368036,-0.2509137,7.0315695,1.0,B07X53M18Z
20112,4.3759182241630885,0.3033516880161707,-0.15309177,1.0908725,4.0,B013WINKTO
39201,4.365771117300475,0.30288123782996196,-1.2779944,8.271919,5.0,B00EYQ6WK8
31969,4.364095773952127,0.3028035639076445,0.366563,-3.7859263,5.0,B09P441YPQ
6876,4.362328745404249,0.3027216391855892,6.2584305,-7.45073,5.0,B00KWR8ME2
31283,4.360836907726755,0.30265247313435184,5.6055565,-3.740362,4.0,B0C1J8RZ46
31191,4.360717493709497,0.3026469367437909,6.9944873,-2.3488889,4.0,B09L13X6CZ
43973,4.360508315075564,0.30263723859745056,-11.229065,1.7396625,5.0,B0111MRLLG
33237,4.354332235015694,0.3023508970763111,2.1167169,0.872391,5.0,B0BXSM1QNS
32205,4.353524891294387,0.3023134662096448,3.832865,2.743449,5.0,B0C2KKYW5G
8953,4.353328803069738,0.3023043749737833,6.876936,5.3453193,1.0,B0006GDC1M
38713,4.35286982809528,0.3022830955228893,1.4345071,-4.0768147,3.0,B075X8471B
13030,4.352165742024098,0.30225045198934036,8.957496,-6.32993,4.0,B09BN44ZPZ
46530,4.344821931950007,0.30190997101642714,-3.1350608,2.5576603,1.0,B08952QWFF
46212,4.343487293124153,0.30184809317354583,1.295382,-0.41084552,4.0,B07D9B8HK9
31103,4.3422255111259185,0.30178959319083537,-0.9491833,8.118212,5.0,B078M32R41
32144,4.3354517079032675,0.3014755394383142,0.19643562,-3.2166297,5.0,B097MCM72H
1268,4.33396469550152,0.3014065971012748,1.4890217,4.4807134,5.0,B08HN4345K
15832,4.333743629579614,0.3013963478247536,5.9973407,-3.8923953,1.0,B000063TJY
4475,4.331124145274783,0.301274900707298,0.017475327,-8.461609,5.0,B00ZVJAF9G
49085,4.328304128926268,0.3011441563252556,2.259753,1.905259,5.0,B0087X728K
10950,4.327879948902393,0.30112449007221226,-1.3180021,8.174524,1.0,B07B471MVV
24314,4.327693087516461,0.3011158266201567,5.1546097,-7.117182,5.0,B07DDHYLP6
25717,4.324924458220803,0.3009874646953913,-0.6208526,-10.564778,5.0,B01MTF2Z37
1708,4.323301636259771,0.30091222582148486,4.0006332,9.43134,5.0,B07FSBRRTP
20312,4.323194432590408,0.30090725553912784,2.173285,-8.734483,5.0,B0856M2T37
30658,4.320156343536032,0.30076640065500165,0.20296793,0.53255075,5.0,B01HSODG10
780,4.318375391321039,0.30068383039014523,2.3894403,-9.13903,5.0,B00GM15NGM
10735,4.3179844378052055,0.30066570461727093,-0.14404741,-5.666785,5.0,B075X8471B
21395,4.316910645727101,0.30061592040883267,-11.7075205,8.326089,5.0,B00C4P6AKS
25779,4.315720155828357,0.3005607257408227,3.7395277,2.477195,5.0,B079SCFYPF
43067,4.315191047857581,0.3005361947147138,5.6380496,6.365442,5.0,B0BLHNNSGG
34604,4.314180860641144,0.3004893594176668,-3.0467827,2.4992843,5.0,B07N5ZPYFK
21172,4.313080571810782,0.3004383467406412,5.2695155,-9.719336,5.0,B0BZPR3FCJ
39792,4.311249842323334,0.30035346865273604,-3.3411894,2.9484737,5.0,B07WQKKS8V
22793,4.310392127197267,0.3003137024172725,1.4314167,-3.4870965,5.0,B0057Z7EIY
16591,4.310294348979713,0.30030916912701766,5.536218,-4.010163,5.0,B075JZNHTD
29363,4.308172707168652,0.30021080347475876,1.5837765,-8.875362,1.0,B071L22RZM
42997,4.305414162862029,0.30008290912021146,-0.15891156,4.9604745,4.0,B081K8SNDC
24921,4.304221039311911,0.30002759234825643,0.98031074,2.0924983,5.0,B0998WL1LK
44520,4.303200294976816,0.29998026759165153,0.65840703,1.7085487,5.0,B0887SFMY9
31119,4.301679414131085,0.2999097550123752,-0.31578583,-2.7983618,1.0,B08V8QD1X4
39175,4.3007455308124465,0.29986645739196977,1.2289652,-2.647443,5.0,B0BVDJKKNL
22737,4.300261122816284,0.2998439987902145,-0.15262775,-2.172712,5.0,B08D7JPKLZ
31726,4.299399599905364,0.29980405601447035,-0.91695356,-0.254737,5.0,B0BB2Q8RK6
5263,4.297833134034152,0.29973142997723834,-2.9742408,1.523473,4.0,B0BCWDGF17
46170,4.297196386772281,0.2997019084720477,-0.0062606223,-8.457417,5.0,B075X8471B
6887,4.297014053906484,0.2996934549757134,0.6072545,-3.974255,5.0,B00BYHTK5Y
6198,4.295728842238758,0.2996338687235348,1.0658154,-3.9953804,3.0,B073Q3H3JP
36567,4.292789512886756,0.29949759263423165,1.8308425,5.7851706,5.0,B09SFTR9G6
47707,4.290188017100745,0.29937697951824493,-1.1957179,5.7012734,3.0,B07JH8L4VF
33752,4.2876084374281405,0.2992573824987449,9.683925,-4.983967,5.0,B07P5JMW4F
5688,4.2861255761835135,0.2991886326217502,0.13608904,-4.9791646,5.0,B07GZFM1ZM
43862,4.285207823266351,0.29914608285494293,0.41062698,-1.991352,1.0,B08QSB7SR3
46019,4.284067798207116,0.29909322788764425,4.956769,4.1371593,5.0,B01N2GMCSJ
8964,4.283578495391862,0.2990705423474538,2.440347,-9.235324,5.0,B00CWWF9KK
26433,4.2834032471704955,0.29906241731639904,-0.42881557,9.6474085,5.0,B07F1TKR5W
45204,4.282499135908089,0.29902050001745745,-11.057384,5.9612107,5.0,B074T8WSBX
36441,4.281717481954856,0.2989842602051811,2.5250988,-13.488014,5.0,B00R124LAK
22941,4.281395449783876,0.29896932983174024,-3.7097728,2.6619544,5.0,B07GJGF56L
39540,4.280251014516248,0.29891627039400603,2.622404,0.49710235,5.0,B071Y2SG3R
41818,4.277821581893738,0.2988036346402768,-0.9259805,-11.79766,5.0,B0BWLRF8R8
45285,4.277637157041907,0.29879508415322076,4.9639153,7.38946,1.0,B00AO3TAKO
48705,4.27738768814164,0.2987835180297756,-8.179752,9.261679,5.0,B08Q3DJYFJ
19342,4.277367786319241,0.29878259532183726,0.59317404,-3.3688478,5.0,B08HVG6N67
7322,4.277367786319241,0.29878259532183726,0.35808027,-3.553244,5.0,B079B4ZWJ4
26323,4.277285863083675,0.2987787971159103,-0.16446057,6.8873796,5.0,B07V55B4RR
36277,4.2766332752544844,0.2987485411946988,5.6139264,-12.448042,5.0,B085LG3HQS
38376,4.276263982793282,0.2987314196930244,-1.1966919,6.198558,5.0,B01NBB6YXM
30519,4.27221897596732,0.29854388109308116,1.9033387,-6.81206,1.0,B07L6PL4D6
14523,4.271457948676867,0.2985085975945085,5.586628,-3.6976218,5.0,B09BKHHL5H
29637,4.2672782306824635,0.29831481338237886,-4.768494,0.757717,5.0,B006Z1HTJI
21035,4.265111226642545,0.2982143446016813,3.777175,-9.204172,3.0,B09F5VNNXW
766,4.258850490106787,0.29792407815342864,1.2650546,-7.1236367,5.0,B07KGVB6D6
14512,4.25804746417374,0.2978868474723244,-4.462918,10.415891,5.0,B07K2QQL4D
44591,4.257028968722557,0.2978396269806957,-16.54282,13.035203,5.0,B000BSN4UY
38590,4.254759960816318,0.2977344289960433,-1.7013271,-3.2941551,2.0,B0BS6PJJ9V
42225,4.253699583539697,0.2976852667378753,4.8294086,-4.264894,5.0,B0BL78N7W9
25291,4.253515087855489,0.2976767129668187,4.4499884,4.0485373,4.0,B08KSL3L8D
25057,4.253299105963538,0.2976666994011135,-0.39466542,0.6437815,5.0,B089S6F5HT
27333,4.251866488872474,0.29760027899317043,-0.78609145,5.8925977,5.0,B08GFWFKH7
6184,4.251303849698759,0.29757419336032687,-0.6364774,6.3197803,5.0,B081948XYF
1574,4.248671506276767,0.2974521500557861,9.554313,-4.4882765,5.0,B07TXGPNN2
7092,4.246544017792645,0.29735351333429855,3.7585645,-9.360271,4.0,B0007WTER6
33047,4.244087539870794,0.2972396236797005,4.5048714,5.431175,5.0,B08N1DF9BX
31096,4.24283270576365,0.2971814458219762,-4.744111,7.5051975,5.0,B07GWP35LT
22942,4.241563880437901,0.29712261928956185,1.2303296,-13.60366,5.0,B07P84B132
19288,4.24027677475611,0.29706294522523324,3.9133713,6.438873,5.0,B09DG4CJBV
39478,4.239100850991364,0.2970084258867083,3.7497046,-5.8992004,5.0,B0019EHU8G
40447,4.236356806843668,0.29688120380284466,-0.45302963,2.2989757,5.0,B00NKZ5R28
16437,4.233199282637973,0.2967348115483193,-0.33093715,-2.1588676,5.0,B003FW0LR2
34067,4.233169931035321,0.29673345072033946,-1.5025331,6.0673227,5.0,B01597GXJU
47638,4.232907169975906,0.2967212683326891,5.089844,-4.717927,1.0,B07GVWH35S
16060,4.232826065845176,0.2967175081029092,5.8031282,-4.3844767,1.0,B0B4NCQ3XF
19664,4.231903013566622,0.2966747126418772,5.577791,-4.261061,5.0,B00L90R2H4
25,4.231452438168115,0.2966538226204161,-0.58419144,9.811132,5.0,B08P3VMW76
17713,4.230964201824474,0.29663118652503545,4.1677995,-9.607253,5.0,B098NSKK75
7975,4.230921587128137,0.29662921078041204,-7.4300776,8.743512,5.0,B01K8B8YA8
9710,4.227784774224331,0.2964837787637123,5.0429897,1.6193339,5.0,B0BGGG4Q5N
49762,4.226484898383813,0.2964235126366773,2.7869754,0.44225135,5.0,B09S1H3PHY
15472,4.225447124429324,0.2963753983360454,0.8900044,1.4523268,5.0,B08XVF418R
5429,4.224718259830125,0.29634160599591763,-0.38166466,0.38858816,5.0,B007PXUMXK
1057,4.220710410821383,0.2961557901433808,3.6470702,2.2869864,5.0,B081N87HH9
30703,4.219770200677738,0.29611219919246823,0.908457,-0.15944138,5.0,B0199HAOAU
31528,4.218944504781938,0.29607391746416967,-3.2552133,-2.9896522,5.0,B0C5WMZ965
36896,4.217584103448194,0.29601084519446325,3.6897364,-8.9190645,5.0,B000CE9OY2
31200,4.210127459524406,0.29566513290721386,4.1522036,-9.533912,4.0,B002U5XPBE
18786,4.210096970879062,0.29566371936253816,-4.275325,-2.5794477,5.0,B09FPS7S5B
30821,4.205187338747067,0.29543609415054567,4.901175,4.6852455,2.0,B09QNHJYQQ
16600,4.2024853133770215,0.29531082018273497,7.98368,-6.716353,2.0,B091K4WYD1
13296,4.200727968589061,0.29522934442871734,1.1219742,-13.515478,5.0,B0BW4PFM58
49845,4.200620838394483,0.29522437755287084,1.0285786,-3.8340955,5.0,B00ICDAAX4
49761,4.195872437273043,0.29500422749216676,4.4564157,4.045624,4.0,B0BGK4WWRM
14788,4.195288070597278,0.2949771345074224,1.605786,3.4542367,5.0,B0995W447Y
4347,4.194486824940125,0.2949399863652268,-1.2068629,5.693819,5.0,B01B6AN7WK
18956,4.192657071063039,0.29485515350953245,0.9680082,-4.206836,2.0,B07ZNGTKXF
42416,4.19220759071744,0.29483431425799533,1.370743,-0.28398323,5.0,B009D912TM
10652,4.191799843500307,0.29481540987896165,1.2562572,-3.5852623,5.0,B01BQ5DXQK
47095,4.189331576644522,0.29470097365416975,-0.7949648,0.75702244,4.0,B09BDZ5297
16296,4.187807821272157,0.29463032780325177,-0.84339464,1.9354038,5.0,B0C5J15H69
3680,4.182824637831282,0.29439929253286257,-1.031295,3.2440321,5.0,B0972FX87Z
4571,4.1824365989252685,0.2943813018900062,-0.97875863,1.9342037,5.0,B09WHPJZD3
20532,4.181195865079803,0.2943237777625345,-15.218747,-2.1950567,5.0,B079Y5YDZM
45211,4.178728026703644,0.2942093614033381,-11.053746,5.9478726,5.0,B00GUTY3DK
17469,4.177395229180353,0.29414756892874405,9.867514,-5.232856,5.0,B08LPGY2FT
20655,4.174363575637209,0.29400701241414307,1.4160321,-9.498241,5.0,B0C5N7ZL71
13408,4.173495003142905,0.2939667427986543,6.1845446,-3.9373233,5.0,B00HPTTZDC
44968,4.1711154140222995,0.2938564179385689,-0.35444996,0.5633112,5.0,B006DUHPP4
18018,4.1711154140222995,0.2938564179385689,-0.64693683,0.5349735,5.0,B099LQST7P
6879,4.1686536601246384,0.29374228367397165,1.9228921,3.5506504,5.0,B01J9Y65DS
6082,4.164497528376784,0.2935495929906903,5.5679526,-4.773276,4.0,B09ZXDZVKR
34044,4.163781665296645,0.29351640343982505,-4.16182,9.986075,5.0,B08SCF2HC2
23505,4.162010621736543,0.29343429256980913,0.4344984,-2.1412084,5.0,B07T1Q53J1
11374,4.1612197685801835,0.29339762625499544,0.48413774,-0.08258143,5.0,B0B7X9YLJX
8401,4.161074551690247,0.2933908935661772,2.533002,-8.142085,2.0,B0C5ZCFXB6
20375,4.160437005397849,0.2933613350155444,0.43488225,-1.8876423,4.0,B07FJGGWJL
4811,4.159331823707544,0.2933100954909155,-0.2345557,-2.6211607,5.0,B07LCDQSVL
37557,4.158339578902145,0.29326409205764287,0.6309104,-3.408175,5.0,B00CX5P8FC
37999,4.156019690459346,0.29315653509932216,4.628425,-6.2036214,5.0,B0791TX5P5
13456,4.155141657541809,0.29311582687035154,5.021281,-6.6242213,3.0,B08XXC5GPR
39265,4.154753728128187,0.29309784130388955,-8.310768,2.7847106,1.0,B00RYXBG72
9009,4.154423909491118,0.29308254992662064,-0.8419842,8.172962,5.0,B00CV9M7AO
11289,4.154402617889637,0.2930815627843724,3.227497,1.0171219,5.0,B016PMVM7Q
7330,4.142678965226104,0.29253801922527906,4.1767864,3.9107428,5.0,B01N5G5PG2
33177,4.141415364257905,0.2924794349096873,0.9157401,-0.15406458,5.0,B07GPGVYGX
34721,4.1412527030362885,0.2924718934495416,5.879648,-4.617943,2.0,B079CQWNRX
4324,4.139629687722749,0.29239664561123535,-0.3543776,10.05483,5.0,B011I91K7S
38747,4.132972314840367,0.29208798991709684,1.5924983,-6.858518,5.0,B078SCTDD5
31097,4.131099178046991,0.29200114569980723,-4.095465,7.819554,5.0,B07Y4JRHSJ
47277,4.127926311779764,0.2918540421414785,1.0362872,-3.8266487,1.0,B0BRT7XFM5
18258,4.127926311779764,0.2918540421414785,0.9052498,-3.5658653,5.0,B005GSYQ1A
19154,4.127827473619084,0.291849459709094,1.2310299,-3.7547972,5.0,B0B2D82RKM
48765,4.127235895554471,0.29182203238282034,-9.659703,5.1205225,5.0,B004G605OA
17582,4.126816725740485,0.29180259841807427,4.19788,-6.2646885,5.0,B0BK8PYKJH
6981,4.126250267154376,0.29177633570586253,-7.9761515,2.3487277,1.0,B0BWD4WGJB
27335,4.125817306981296,0.2917562623788734,4.147702,-9.279118,5.0,B019ZQS4N4
13612,4.1246707533974645,0.29170310472967204,4.7715883,-6.3074985,5.0,B00FY2Y37U
30499,4.123919340645879,0.29166826698984244,0.55527556,-0.13299505,4.0,B08DJ3JVQQ
40972,4.122826364315206,0.29161759334214676,0.10125916,-11.68993,5.0,B08F1P3BCC
10625,4.119462920600723,0.2914616540440586,0.05294783,1.0713657,3.0,B07XXVVNDB
46041,4.119255269904066,0.29145202673745474,2.1501977,5.9673505,2.0,B009OY465S
18166,4.1189788172679265,0.2914392095674071,0.6187632,-4.05509,5.0,B0BP27XBW4
3951,4.1176294874945905,0.29137665060831486,-0.8020094,3.4286914,5.0,B0C8SCDNGK
16923,4.117481997380259,0.29136981252602295,6.2404723,-7.4309487,5.0,B0B5GD3PVV
45027,4.117435205724288,0.29136764312507324,-1.1660162,1.9423381,5.0,B08RLW7918
38823,4.11687046013236,0.2913414598323889,-0.77594924,-9.203518,5.0,B075X8471B
6282,4.111967421771996,0.2911141403273465,7.199683,-2.5553887,1.0,B00483WRZ6
9622,4.110797105160911,0.2910598809532153,3.9273362,2.9335282,5.0,B013JZCAZK
33441,4.108767817297665,0.29096579710586246,1.1364647,-0.6273122,3.0,B088X4982Z
3682,4.105969076353793,0.29083603911513445,4.7652607,4.9475617,5.0,B08MV6Q6BJ
21138,4.097684639699212,0.2904519478840525,5.4038477,-10.936292,4.0,B08Q2D3XR1
27716,4.094394665762684,0.2902994148643438,5.220632,-4.7334647,5.0,B00MGMPT9W
43453,4.094207326900627,0.2902907292750687,-0.7114451,8.191339,5.0,B07YZ871BK
9155,4.093167095141739,0.29024250102328275,2.1844878,-8.933518,5.0,B07S6X6RLG
31602,4.091164115003026,0.2901496368806273,6.9644856,-14.787376,5.0,B0BHV9F7ZB
26203,4.087934259300559,0.28999989112183855,-0.3177227,3.0989106,3.0,B0B8HVNVC5
48262,4.083430246043805,0.28979107161259166,0.049166895,2.5583146,1.0,B0098Y77U0
43895,4.083236679033093,0.28978209726773985,2.6257987,-8.261888,2.0,B002PXEG6E
46882,4.082404846876844,0.28974353104407624,0.83718944,1.4170226,3.0,B0BFM2GP2B
42007,4.080686257010118,0.28966385208397816,2.5530047,0.52481717,5.0,B01BXYZ6G4
24407,4.080151500967583,0.28963905919639027,-3.0751312,2.1528857,5.0,B0B4945YFF
11955,4.080004386946201,0.289632238550891,-8.065158,8.986888,5.0,B004SD213O
2749,4.078807637273925,0.2895767536610805,-7.5540104,8.729527,5.0,B00OQVZDJM
9154,4.075785907788761,0.28943665725545326,9.600159,-2.1895888,1.0,B09Q4NHCWY
29404,4.0755125126221,0.2894239818388241,6.318105,-4.1237545,1.0,B098QNN7N2
1732,4.075256511428734,0.28941211285875723,4.8948107,4.0872626,1.0,B06X6M5HGP
47408,4.074588982725175,0.2893811642339777,0.2969615,-3.6899605,2.0,B01N41JVKZ
36081,4.073276228183297,0.2893203010118756,-0.24928354,-6.326589,4.0,B003LL4UR4
34742,4.072446899779379,0.28928185086964947,1.0655258,-2.4522984,4.0,B07N5H8WS7
48496,4.071797235303478,0.28925173048382924,2.2172673,-8.733774,5.0,B06XRT9VGL
45369,4.071030503831812,0.2892161825223757,0.36549035,-11.572338,5.0,B08F1P3BCC
14806,4.06807799799331,0.2890792955317968,3.4554312,9.339255,5.0,B07896PKZB
2798,4.06759101405726,0.28905671750177336,5.533582,-4.3104606,5.0,B07D1XGQHJ
20133,4.064895843629451,0.2889317613495622,-10.760201,5.928112,5.0,B075X8471B
12594,4.064532609567977,0.2889149207333973,0.25612414,-11.469544,5.0,B075KZTN4J
2907,4.060461012687651,0.2887261493391023,-0.6572621,6.1837482,5.0,B01LXL7BUI
38960,4.058300345093702,0.2886259743349685,3.5562198,9.472985,5.0,B01MG3HKUX
26947,4.053801525366159,0.28841739561325025,4.8286476,4.420942,1.0,B018KGK3XO
22271,4.052927780021182,0.28837688616895163,3.7032287,5.824659,5.0,B07GSQFCZN
6680,4.051312396131673,0.28830199214626046,-0.8354966,-0.284151,5.0,B0829CM79J
26507,4.050234004947595,0.28825199470953056,-0.329086,0.41910076,5.0,B07G7GW8DT
34239,4.0494741898967455,0.2882167674140072,1.7072587,-6.8370047,5.0,B000001OM5
37771,4.04943784647842,0.28821508242456634,-11.696333,8.314596,5.0,B09C7R12WC
1565,4.047515421516182,0.2881259530605316,9.942186,-5.4525795,5.0,B0B751K1LV
33067,4.046001238954993,0.2880557510337362,4.6444526,4.3526917,5.0,B0C7ZHLQMN
30787,4.04568432339579,0.288041057881702,1.1470139,-7.429233,5.0,B0791TX5P5
37407,4.0450740811450645,0.2880127652280054,0.19004643,-3.262516,5.0,B0791TX5P5
41224,4.043505892624888,0.28794005932362143,-5.8597193,8.277653,4.0,B01DAVKX7U
15304,4.043358374110548,0.2879332199246203,1.5039016,-8.626964,3.0,B07635R5JB
48301,4.0406340393811275,0.2878069116282651,6.318466,-7.25697,5.0,B00KWRQQPE
7366,4.037064859575518,0.28764143379040497,3.4110003,-8.54583,5.0,B07C7BTSYN
31274,4.036782749257829,0.28762835431333966,4.157981,-9.457094,1.0,B01GPQJ5DA
47771,4.0361597778759375,0.287599471499097,-7.46745,2.4220617,1.0,B07FF1PTGG
1763,4.033642718592814,0.287482773111618,-1.040591,8.569413,1.0,B01MQHBZS1
39171,4.031519016626487,0.2873843119444068,9.504488,-2.2276003,4.0,B06XH9B3VX
34892,4.031144192785814,0.28736693399145646,2.2420623,3.344181,5.0,B07YCR8N2X
18232,4.02884680629969,0.2872604202910664,1.160465,4.2851696,4.0,B082SSXVYM
15400,4.02775822859183,0.28720995057666415,3.546688,9.320904,4.0,B00E8UNM2Q
19073,4.022859052752353,0.2869828101496284,-0.30424783,-3.8540578,5.0,B0072C80WY
43505,4.022209221759249,0.28695268204357327,4.54594,-9.64805,2.0,B0954T1NG6
33636,4.021291454367936,0.2869101316057011,-10.007696,9.72669,5.0,B07VHQW6F3
8110,4.021252915322955,0.2869083448204496,10.23154,-5.8837457,5.0,B07RS68PJ7
37703,4.019286280707221,0.28681716576481303,5.1918917,-4.7242904,5.0,B0BWD4WGJB
45205,4.017734927888806,0.2867452404138553,-11.046937,5.930414,5.0,B00FO0IHMY
23371,4.0175518459232595,0.28673675218701894,-5.00644,-1.5887485,5.0,B00P04SGGG
39487,4.016171080953861,0.28667273579833213,-0.25280255,7.101321,4.0,B009Y9O7E8
32309,4.014832688921638,0.28661068394559175,3.9797406,5.351619,5.0,B07DFNKB28
32821,4.01310925141749,0.2865307802345416,-0.53275174,0.6889174,5.0,B01I4TE612
17458,4.01310925141749,0.2865307802345416,-0.7703858,0.84901094,5.0,B08PNY1T1G
20839,4.012356752034358,0.2864958921152274,1.7154924,-0.9776285,4.0,B075NFX24M
2865,4.009743297519112,0.2863747245568295,1.3660693,-11.768088,5.0,B0792K2BK6
29190,4.008551692166672,0.28631947817305403,1.3307673,-0.3418455,5.0,B00LM5MZ4Q
18512,4.007554693856004,0.28627325435307716,0.31546754,0.2549209,4.0,B09ZXM73ZB
3369,4.003063894383616,0.2860650474743465,6.1053505,-13.2457485,5.0,B01CD7J968
38053,4.00119896370611,0.28597858371710244,-1.0528398,-10.201019,5.0,B075X8471B
44676,4.000992178986563,0.28596899655978425,5.4413047,-4.5843925,3.0,B01NABMBDJ
